2017-01-01,0.001224,0.001267,0.001218,0.001257,8,81128,0.00
2017-01-02,0.001258,0.001363,0.001230,0.001361,102,83378,0.00
2017-01-03,0.001361,0.001371,0.001252,0.001362,11,90210,0.00
2017-01-04,0.001361,0.001496,0.001306,0.001485,52,90270,0.00
2017-01-05,0.001487,0.001526,0.001143,0.001162,59,98597,0.00
2017-01-06,0.001165,0.001204,0.001061,0.001094,1,77290,0.00
2017-01-07,0.001096,0.001118,0.001003,0.001118,5,72678,0.00
2017-01-08,0.001118,0.001219,0.001056,0.001101,15,74176,0.00
2017-01-09,0.001103,0.001156,0.001098,0.001121,11,73170,0.00
2017-01-10,0.001121,0.001133,0.001054,0.001080,58,74369,0.00
2017-01-11,0.001080,0.001085,0.000877,0.000888,35,71672,0.00
2017-01-12,0.000887,0.000923,0.000846,0.000894,3,58856,0.00
2017-01-13,0.000894,0.001100,0.000766,0.000987,71,59345,0.00
2017-01-14,0.000989,0.001061,0.000933,0.001015,5,65655,0.00
2017-01-15,0.001015,0.002009,0.000969,0.001676,211,67393,0.00
2017-01-16,0.001676,0.002040,0.001307,0.001473,24,111309,0.00
2017-01-17,0.001473,0.002253,0.001347,0.001742,122,97874,0.00
2017-01-18,0.001743,0.002593,0.001614,0.001946,605,115804,0.00
2017-01-19,0.002077,0.002100,0.001957,0.002069,16,138013,0.00
2017-01-20,0.002068,0.002158,0.001783,0.002014,58,137426,0.00
2017-01-21,0.002014,0.002781,0.002014,0.002323,186,133853,0.00
2017-01-22,0.002323,0.002466,0.001845,0.002272,1321,154416,0.00
2017-01-23,0.002275,0.002310,0.002032,0.002157,536,151237,0.00
2017-01-24,0.002156,0.002607,0.001903,0.002195,1328,143370,0.00
2017-01-25,0.002285,0.003620,0.002225,0.003272,2799,151950,0.00
2017-01-26,0.003273,0.004498,0.002663,0.003681,2101,217670,0.00
2017-01-27,0.003681,0.003782,0.002781,0.003202,3159,244841,0.00
2017-01-28,0.003202,0.003528,0.003132,0.003442,753,213019,0.00
2017-01-29,0.003442,0.003473,0.002845,0.002942,531,229008,0.00
2017-01-30,0.002942,0.003875,0.002795,0.003535,7124,195816,0.00
2017-01-31,0.003616,0.004596,0.003484,0.004394,14611,240666,0.00
2017-02-01,0.004311,0.004730,0.003590,0.003989,8685,286949,0.00
2017-02-02,0.003988,0.004771,0.003555,0.003645,6699,265536,0.00
2017-02-03,0.003652,0.004279,0.003496,0.003558,5877,243174,0.00
2017-02-04,0.003545,0.008406,0.002776,0.008269,22053,236062,0.01
2017-02-05,0.008274,0.008274,0.005916,0.006886,18582,551104,0.01
2017-02-06,0.006894,0.006951,0.005315,0.005628,12767,459237,0.01
2017-02-07,0.005639,0.006282,0.005301,0.005951,13606,375685,0.01
2017-02-08,0.005956,0.006828,0.005419,0.006139,5877,396885,0.01
2017-02-09,0.006149,0.006701,0.005381,0.006051,12293,409784,0.01
2017-02-10,0.006058,0.006071,0.005434,0.005573,7747,403810,0.01
2017-02-11,0.005591,0.006283,0.005582,0.006084,7287,372709,0.01
2017-02-12,0.006078,0.006253,0.005383,0.005383,8800,405262,0.01
2017-02-13,0.005382,0.005778,0.005050,0.005296,9969,358860,0.01
2017-02-14,0.005090,0.005514,0.004713,0.004994,8659,339482,0.01
2017-02-15,0.005002,0.005037,0.004710,0.004884,11052,333635,0.00
2017-02-16,0.004885,0.005022,0.004333,0.004991,10437,325844,0.00
2017-02-17,0.004984,0.005037,0.004544,0.004749,9688,332538,0.00
2017-02-18,0.004763,0.005144,0.004553,0.004984,8275,317799,0.00
2017-02-19,0.004985,0.005079,0.004527,0.004616,7303,332699,0.00
2017-02-20,0.004619,0.004802,0.004097,0.004802,4223,308320,0.00
2017-02-21,0.004800,0.004884,0.004318,0.004795,7030,320393,0.00
2017-02-22,0.004793,0.004816,0.004339,0.004418,5739,319985,0.00
2017-02-23,0.004416,0.004727,0.004377,0.004719,16972,294902,0.00
2017-02-24,0.004687,0.005006,0.004335,0.004777,13039,313012,0.00
2017-02-25,0.004776,0.004779,0.004209,0.004267,15644,319016,0.00
2017-02-26,0.004267,0.004619,0.004231,0.004336,6418,285037,0.00
2017-02-27,0.004329,0.005192,0.004328,0.004731,9717,289230,0.00
2017-02-28,0.004735,0.004817,0.004196,0.004199,3694,316377,0.00
2017-03-01,0.004200,0.004490,0.003999,0.004132,8590,280667,0.00
2017-03-02,0.004132,0.004382,0.002222,0.003921,4772,276153,0.00
2017-03-03,0.003919,0.004377,0.002773,0.003652,3978,261978,0.00
2017-03-04,0.003652,0.004570,0.003343,0.004379,3623,244142,0.00
2017-03-05,0.004552,0.004613,0.003707,0.004207,5578,304329,0.00
2017-03-06,0.004206,0.005088,0.003973,0.004951,6918,281279,0.00
2017-03-07,0.004952,0.005048,0.004333,0.004667,5875,331182,0.00
2017-03-08,0.004666,0.004731,0.004165,0.004346,10306,312106,0.00
2017-03-09,0.004267,0.005968,0.004178,0.005534,5926,285486,0.01
2017-03-10,0.005632,0.006227,0.004093,0.005148,7802,376795,0.01
2017-03-11,0.005142,0.005728,0.004224,0.004399,2259,344100,0.00
2017-03-12,0.004447,0.004731,0.003439,0.004371,6712,297627,0.00
2017-03-13,0.004371,0.004582,0.004046,0.004164,5669,292593,0.00
2017-03-14,0.004165,0.004620,0.004027,0.004520,6519,278816,0.00
2017-03-15,0.004520,0.004656,0.003865,0.003966,8098,302625,0.00
2017-03-16,0.003976,0.004433,0.003869,0.004198,6809,266235,0.00
2017-03-17,0.004232,0.005062,0.003989,0.004095,5597,283431,0.00
2017-03-18,0.004095,0.004834,0.003903,0.004389,6596,274268,0.00
2017-03-19,0.004391,0.005283,0.004206,0.004625,8632,294155,0.00
2017-03-20,0.004693,0.006065,0.004304,0.005978,14510,314428,0.01
2017-03-21,0.005980,0.006804,0.005361,0.006804,14100,400690,0.01
2017-03-22,0.006808,0.006859,0.006327,0.006646,10936,456219,0.01
2017-03-23,0.006662,0.008443,0.006482,0.007650,14622,446533,0.01
2017-03-24,0.007652,0.008695,0.006771,0.007531,19415,512906,0.01
2017-03-25,0.007531,0.008594,0.007176,0.007577,17652,504848,0.01
2017-03-26,0.007561,0.008712,0.004450,0.006303,5078,506946,0.01
2017-03-27,0.006358,0.007588,0.006061,0.007371,3052,426380,0.01
2017-03-28,0.007550,0.007754,0.006824,0.007153,4819,506351,0.01
2017-03-29,0.007080,0.007161,0.005866,0.006160,3159,474869,0.01
2017-03-30,0.006191,0.006849,0.005774,0.005944,2935,415306,0.01
2017-03-31,0.005946,0.006865,0.005946,0.006742,2178,398942,0.01
2017-04-01,0.006393,0.007086,0.006066,0.006994,2787,428994,0.01
2017-04-02,0.007015,0.017183,0.007015,0.013203,23554,470766,0.01
2017-04-03,0.013303,0.017096,0.010957,0.011955,18226,892827,0.01
2017-04-04,0.011973,0.015143,0.009719,0.014751,13245,803672,0.01
2017-04-05,0.014762,0.032726,0.014259,0.029523,66563,991016,0.02
2017-04-06,0.029985,0.033364,0.017309,0.018162,37218,2013250,0.03
2017-04-07,0.018426,0.022614,0.014596,0.015650,13911,1237270,0.02
2017-04-08,0.015659,0.018959,0.014188,0.014389,17636,1051620,0.02
2017-04-09,0.014517,0.014899,0.012678,0.012678,14272,975075,0.01
2017-04-10,0.012585,0.014465,0.011877,0.012296,20307,845436,0.01
2017-04-11,0.012315,0.025122,0.012315,0.020030,17913,827383,0.02
2017-04-12,0.020191,0.035505,0.018811,0.030841,30431,1356680,0.03
2017-04-13,0.030856,0.032330,0.022377,0.024691,14457,2073580,0.03
2017-04-14,0.024687,0.028831,0.023448,0.023840,7618,1659180,0.03
2017-04-15,0.024005,0.032496,0.023872,0.025916,12372,1613590,0.03
2017-04-16,0.025917,0.031171,0.025156,0.026292,14020,1742300,0.03
2017-04-17,0.026287,0.029202,0.023906,0.024103,10462,1767400,0.03
2017-04-18,0.024101,0.026609,0.023063,0.025095,7056,1620670,0.02
2017-04-19,0.025924,0.026154,0.022210,0.023686,5046,1743460,0.02
2017-04-20,0.023693,0.025518,0.020980,0.021271,5028,1593610,0.02
2017-04-21,0.021272,0.026554,0.021272,0.024840,9159,1430950,0.02
2017-04-22,0.024851,0.027902,0.023921,0.025577,8213,1671900,0.03
2017-04-23,0.025568,0.028618,0.025016,0.025023,3860,1720410,0.03
2017-04-24,0.025032,0.026413,0.024364,0.025859,2670,1684560,0.03
2017-04-25,0.025855,0.026323,0.024367,0.024726,2162,1740150,0.03
2017-04-26,0.024603,0.026398,0.024603,0.025917,2852,1656060,0.03
2017-04-27,0.025929,0.026913,0.023944,0.025089,4045,1745550,0.03
2017-04-28,0.025089,0.025317,0.020975,0.021566,4214,1689200,0.02
2017-04-29,0.021560,0.026699,0.021560,0.025813,7015,1451760,0.02
2017-04-30,0.025819,0.037383,0.023710,0.031249,35392,1738760,0.03
2017-05-01,0.031113,0.034476,0.025146,0.028544,32960,2095560,0.03
2017-05-02,0.026960,0.028708,0.025717,0.026483,3704,1816080,0.03
2017-05-03,0.026112,0.032131,0.025962,0.027986,6450,1759200,0.03
2017-05-04,0.028010,0.032727,0.024197,0.029172,13930,1887280,0.03
2017-05-05,0.029243,0.030252,0.025967,0.027293,8670,1970600,0.03
2017-05-06,0.027285,0.029460,0.024644,0.026907,6782,1838910,0.03
2017-05-07,0.026908,0.029820,0.025280,0.025688,5304,1813660,0.03
2017-05-08,0.025688,0.028135,0.023692,0.024146,3086,1731660,0.03
2017-05-09,0.024151,0.029861,0.019252,0.021539,9739,1628280,0.02
2017-05-10,0.021549,0.022798,0.019425,0.021073,6581,1453050,0.02
2017-05-11,0.021111,0.032030,0.020624,0.028687,8325,1423660,0.03
2017-05-12,0.027455,0.029827,0.019554,0.021508,3191,1851720,0.02
2017-05-13,0.021189,0.028810,0.018007,0.019949,10041,1429240,0.02
2017-05-14,0.019239,0.026201,0.019232,0.022534,2591,1297890,0.02
2017-05-15,0.022547,0.023671,0.021220,0.021845,1614,1521250,0.02
2017-05-16,0.021813,0.025967,0.021337,0.023820,3968,1471870,0.02
2017-05-17,0.023814,0.024914,0.019942,0.019980,4383,1607110,0.02
2017-05-18,0.019982,0.027617,0.019982,0.022773,13125,1348670,0.02
2017-05-19,0.022786,0.031385,0.022761,0.027485,8571,1538080,0.03
2017-05-20,0.027455,0.033076,0.026621,0.030917,2529,1853490,0.03
2017-05-21,0.029410,0.033338,0.027595,0.030575,8341,1985750,0.03
2017-05-22,0.030839,0.035320,0.028417,0.029756,5644,2082420,0.03
2017-05-23,0.029713,0.033911,0.029490,0.031459,3924,2006630,0.03
2017-05-24,0.031497,0.033439,0.030203,0.031208,6985,2127380,0.03
2017-05-25,0.031149,0.035862,0.026773,0.027630,5584,2104140,0.03
2017-05-26,0.027428,0.030613,0.025046,0.026956,9134,1852970,0.03
2017-05-27,0.027745,0.028175,0.022239,0.023979,6034,1874630,0.03
2017-05-28,0.024123,0.028585,0.023135,0.026043,5112,1630070,0.03
2017-05-29,0.025990,0.028623,0.025062,0.027548,1928,1756500,0.03
2017-05-30,0.027580,0.041450,0.026740,0.029831,28280,1864160,0.03
2017-05-31,0.029948,0.032017,0.025190,0.029988,12920,2024470,0.03
2017-06-01,0.030015,0.030775,0.027197,0.029233,1909,2029190,0.03
2017-06-02,0.030173,0.032417,0.028466,0.031911,8580,2040110,0.03
2017-06-03,0.031896,0.038923,0.029944,0.036799,16552,2156920,0.03
2017-06-04,0.036260,0.058561,0.034121,0.058561,47749,2452320,0.05
2017-06-05,0.059424,0.125923,0.054406,0.068526,321913,4019340,0.09
2017-06-06,0.068733,0.093050,0.067535,0.072046,65808,4649570,0.08
2017-06-07,0.072064,0.091702,0.070481,0.088210,43085,4875480,0.08
2017-06-08,0.088627,0.088775,0.072393,0.074518,19160,5996700,0.08
2017-06-09,0.074400,0.080660,0.072993,0.074847,19791,5034620,0.08
2017-06-10,0.074960,0.082763,0.074790,0.078237,21561,5073090,0.08
2017-06-11,0.078192,0.080321,0.071944,0.080301,20706,5292440,0.08
2017-06-12,0.080194,0.083369,0.065921,0.069072,32376,5428590,0.07
2017-06-13,0.068841,0.074981,0.067558,0.070416,12179,4660590,0.07
2017-06-14,0.070375,0.073811,0.057958,0.063614,17198,4764990,0.07
2017-06-15,0.063611,0.063744,0.049391,0.058370,9696,4307500,0.06
2017-06-16,0.058327,0.064375,0.052694,0.060881,17234,3950120,0.06
2017-06-17,0.060881,0.071061,0.057073,0.060935,18213,4123570,0.06
2017-06-18,0.060935,0.064927,0.059433,0.059433,10527,4127750,0.06
2017-06-19,0.059433,0.061223,0.057189,0.057439,16495,4026460,0.06
2017-06-20,0.057439,0.094400,0.057438,0.070181,114547,3891750,0.08
2017-06-21,0.073950,0.085284,0.063724,0.072997,75008,5011040,0.07
2017-06-22,0.072997,0.094728,0.069508,0.091336,133489,4947010,0.08
2017-06-23,0.091336,0.097552,0.069824,0.093140,70645,6190520,0.08
2017-06-24,0.093129,0.095276,0.075111,0.083048,54545,6312770,0.09
2017-06-25,0.082858,0.107276,0.082234,0.093187,131717,5617130,0.09
2017-06-26,0.091912,0.099719,0.070292,0.083234,86873,6231600,0.09
2017-06-27,0.083234,0.084125,0.067031,0.075710,40576,5643780,0.08
2017-06-28,0.076432,0.113286,0.076432,0.091194,68364,5183180,0.09
2017-06-29,0.091110,0.114728,0.089328,0.104326,83992,6179260,0.10
2017-06-30,0.107409,0.167554,0.103883,0.164327,404390,7285510,0.14
2017-07-01,0.162174,0.198817,0.133050,0.151306,616967,11001400,0.17
2017-07-02,0.150977,0.151509,0.111087,0.128220,129434,10242900,0.13
2017-07-03,0.127748,0.174436,0.127293,0.151504,267486,8667980,0.15
2017-07-04,0.151371,0.161489,0.149344,0.151898,265413,10272000,0.16
2017-07-05,0.151916,0.152806,0.129422,0.143304,217878,10310100,0.14
2017-07-06,0.143282,0.165739,0.141278,0.165583,292165,9725240,0.15
2017-07-07,0.165714,0.171270,0.152172,0.156882,336071,11249000,0.16
2017-07-08,0.155547,0.161068,0.142367,0.148417,266336,10560000,0.15
2017-07-09,0.148532,0.154265,0.145526,0.145526,192570,10084800,0.15
2017-07-10,0.145656,0.174648,0.145424,0.152123,278542,9890600,0.16
2017-07-11,0.151946,0.169139,0.146681,0.167193,307446,10318900,0.16
2017-07-12,0.166861,0.220950,0.157611,0.209561,712816,11333000,0.19
2017-07-13,0.209678,0.413361,0.209678,0.314772,3077520,14242700,0.31
2017-07-14,0.314572,0.320042,0.197315,0.227859,612853,21370100,0.26
2017-07-15,0.227648,0.230058,0.178887,0.191192,173235,15466700,0.20
2017-07-16,0.190841,0.190841,0.169278,0.177102,116236,12967400,0.18
2017-07-17,0.177434,0.184150,0.166761,0.182017,147604,12057700,0.18
2017-07-18,0.182349,0.194781,0.179792,0.183788,112101,12393100,0.19
2017-07-19,0.184068,0.202024,0.181627,0.186095,128966,12511300,0.19
2017-07-20,0.185761,0.231769,0.185431,0.223529,195145,12627800,0.21
2017-07-21,0.225292,0.226708,0.197335,0.203384,142156,15316700,0.21
2017-07-22,0.203379,0.208615,0.172105,0.188341,318836,13828400,0.19
2017-07-23,0.187749,0.188843,0.160453,0.166155,112982,12767000,0.17
2017-07-24,0.166142,0.188804,0.151121,0.165009,199417,11298900,0.17
2017-07-25,0.165482,0.171565,0.148358,0.160916,96691,11255200,0.16
2017-07-26,0.159661,0.161516,0.136913,0.159677,82080,10860500,0.15
2017-07-27,0.159817,0.160689,0.142139,0.146053,69902,10872300,0.15
2017-07-28,0.146149,0.147533,0.139026,0.145132,244355,9943500,0.14
2017-07-29,0.145604,0.148384,0.138282,0.145251,244828,9907520,0.14
2017-07-30,0.145342,0.147264,0.129984,0.130047,231204,9890770,0.14
2017-07-31,0.130022,0.148459,0.130001,0.135202,270476,8849120,0.14
2017-08-01,0.135267,0.137194,0.110997,0.120344,256082,9207100,0.12
2017-08-02,0.120378,0.126575,0.113285,0.114778,247835,8194530,0.12
2017-08-03,0.114819,0.124274,0.111307,0.112176,213097,7816910,0.12
2017-08-04,0.112052,0.117887,0.112052,0.117633,220378,7629370,0.11
2017-08-05,0.117586,0.137813,0.117381,0.131094,279785,8007040,0.13
2017-08-06,0.131104,0.133155,0.117342,0.119812,262164,8928500,0.13
2017-08-07,0.119800,0.134709,0.115308,0.128898,270480,8159500,0.13
2017-08-08,0.128906,0.130113,0.117633,0.118823,214477,8780590,0.12
2017-08-09,0.118843,0.143102,0.118227,0.118227,256247,8095990,0.13
2017-08-10,0.118302,0.131076,0.112556,0.126321,261266,8060030,0.12
2017-08-11,0.126589,0.131617,0.111704,0.120636,329622,8625520,0.12
2017-08-12,0.120609,0.127122,0.115951,0.122153,131208,8218940,0.12
2017-08-13,0.122090,0.133023,0.117306,0.117461,275122,8320720,0.13
2017-08-14,0.117474,0.119488,0.108165,0.108493,200437,8007010,0.11
2017-08-15,0.108510,0.123059,0.105297,0.119105,298813,7396810,0.11
2017-08-16,0.118118,0.131283,0.107443,0.130489,281639,8052620,0.12
2017-08-17,0.131389,0.131738,0.116107,0.116376,245742,8958280,0.12
2017-08-18,0.116258,0.117298,0.095172,0.097843,249017,7927490,0.11
2017-08-19,0.097906,0.097906,0.082757,0.085599,202205,6676770,0.09
2017-08-20,0.085504,0.099044,0.084413,0.098465,234339,5831620,0.09
2017-08-21,0.098794,0.130814,0.095735,0.114060,329763,6738760,0.11
2017-08-22,0.108263,0.115015,0.101187,0.110139,169307,7385400,0.11
2017-08-23,0.110172,0.115272,0.105269,0.111325,375898,7516410,0.11
2017-08-24,0.111382,0.113595,0.105795,0.106774,326188,7599760,0.11
2017-08-25,0.106747,0.115152,0.106645,0.113798,433221,7284240,0.11
2017-08-26,0.114342,0.117439,0.111848,0.113030,358321,7803320,0.11
2017-08-27,0.113019,0.117974,0.108592,0.113146,204260,7713830,0.11
2017-08-28,0.113461,0.125803,0.113257,0.118501,257352,7744780,0.12
2017-08-29,0.118244,0.130262,0.116506,0.121394,251957,8072100,0.12
2017-08-30,0.121369,0.171403,0.121237,0.168135,346872,8286280,0.15
2017-08-31,0.168161,0.266890,0.135927,0.185918,2458320,11482100,0.20
2017-09-01,0.186427,0.230159,0.171889,0.174107,1159360,12730600,0.20
2017-09-02,0.172554,0.182250,0.138893,0.149422,454959,11784400,0.16
2017-09-03,0.149490,0.160447,0.144013,0.154546,315156,10210400,0.15
2017-09-04,0.154783,0.156937,0.114286,0.119610,279587,10573000,0.14
2017-09-05,0.119800,0.123827,0.108350,0.112607,274408,8184160,0.12
2017-09-06,0.112744,0.125802,0.112076,0.114141,264422,7702900,0.12
2017-09-07,0.113969,0.182225,0.112212,0.152554,1486770,7787430,0.15
2017-09-08,0.152922,0.157912,0.122680,0.133864,539950,10450100,0.14
2017-09-09,0.134079,0.134517,0.119755,0.121544,339270,9163410,0.13
2017-09-10,0.121400,0.121560,0.115756,0.118902,111786,8297720,0.12
2017-09-11,0.118709,0.155837,0.113925,0.147825,320787,8114600,0.13
2017-09-12,0.147891,0.192309,0.136661,0.179226,1116580,10110400,0.16
2017-09-13,0.178547,0.189969,0.154272,0.159280,910617,12207400,0.17
2017-09-14,0.159274,0.184291,0.122828,0.124713,626166,10890800,0.15
2017-09-15,0.126520,0.146895,0.092219,0.138905,335604,8652020,0.12
2017-09-16,0.138554,0.170732,0.137940,0.151705,396785,9475950,0.15
2017-09-17,0.151796,0.157035,0.129465,0.143419,177862,10382600,0.14
2017-09-18,0.143134,0.179811,0.143134,0.178418,385072,9791140,0.16
2017-09-19,0.176538,0.282423,0.167483,0.274381,5723560,12077400,0.22
2017-09-20,0.278431,0.279709,0.192289,0.204915,3139800,19050000,0.24
2017-09-21,0.203914,0.222395,0.173302,0.174063,1759330,13953000,0.20
2017-09-22,0.176549,0.207991,0.167062,0.169184,1232140,12081800,0.19
2017-09-23,0.166835,0.175401,0.152585,0.168803,749601,11418100,0.16
2017-09-24,0.168789,0.170915,0.152665,0.156839,286723,11553000,0.16
2017-09-25,0.156676,0.163738,0.144666,0.151598,439403,10725000,0.15
2017-09-26,0.151995,0.160276,0.147172,0.155903,247500,10405600,0.15
2017-09-27,0.155508,0.169727,0.155508,0.166548,266764,10647200,0.16
2017-09-28,0.166566,0.169315,0.141760,0.153041,212722,11405400,0.16
2017-09-29,0.150225,0.152798,0.126028,0.135300,193220,10287500,0.14
2017-09-30,0.137954,0.147196,0.131730,0.139686,159887,9448160,0.14
2017-10-01,0.138435,0.145959,0.133674,0.136554,121483,9482060,0.14
2017-10-02,0.136299,0.139150,0.124205,0.125675,93417,9336650,0.13
2017-10-03,0.125670,0.130074,0.115463,0.124834,127558,8609400,0.12
2017-10-04,0.126765,0.132659,0.114733,0.117457,75069,8685260,0.12
2017-10-05,0.117562,0.119088,0.108955,0.117045,62142,8055570,0.11
2017-10-06,0.118035,0.120044,0.107662,0.113726,83177,8088760,0.11
2017-10-07,0.113766,0.114278,0.103322,0.107071,61652,7797000,0.11
2017-10-08,0.106784,0.129612,0.098022,0.098022,405375,7319230,0.11
2017-10-09,0.097932,0.128177,0.096372,0.102602,197792,6713120,0.11
2017-10-10,0.102601,0.112205,0.101889,0.109197,77140,7033930,0.11
2017-10-11,0.109155,0.119055,0.105453,0.112833,54596,7483990,0.11
2017-10-12,0.112922,0.115525,0.095833,0.100580,148620,7743000,0.11
2017-10-13,0.100896,0.100896,0.085646,0.095446,105151,6919050,0.09
2017-10-14,0.095461,0.116350,0.088585,0.104341,77528,6546980,0.10
2017-10-15,0.102896,0.102896,0.088394,0.100509,30814,7057600,0.10
2017-10-16,0.098589,0.098996,0.088178,0.091637,82406,6762890,0.09
2017-10-17,0.091639,0.096891,0.087677,0.093255,52805,6286740,0.09
2017-10-18,0.095489,0.098078,0.083408,0.093729,66667,6551530,0.09
2017-10-19,0.093781,0.102934,0.091062,0.097523,72364,6434970,0.10
2017-10-20,0.102226,0.102226,0.076077,0.081221,116596,7015150,0.09
2017-10-21,0.081173,0.081880,0.069435,0.073657,65456,5570980,0.08
2017-10-22,0.074717,0.081841,0.073538,0.081628,41653,5128400,0.08
2017-10-23,0.081497,0.127631,0.076738,0.114130,838612,5594280,0.10
2017-10-24,0.112616,0.120778,0.092565,0.101272,483846,7731180,0.11
2017-10-25,0.099889,0.101513,0.088161,0.097046,110551,6858150,0.09
2017-10-26,0.098148,0.109880,0.085134,0.109880,158028,6739300,0.10
2017-10-27,0.109820,0.258996,0.107967,0.190921,10603900,7541520,0.18
2017-10-28,0.196200,0.498178,0.178829,0.470024,20814500,13474700,0.34
2017-10-29,0.446909,0.457911,0.278808,0.278808,16292800,30696000,0.37
2017-10-30,0.289483,0.486385,0.289483,0.449112,15045000,19885200,0.39
2017-10-31,0.442663,0.851940,0.423536,0.748662,41168900,30410400,0.64
2017-11-01,0.745699,1.33,0.703726,0.972265,74906300,51233700,1.02
2017-11-02,0.955589,1.11,0.538852,0.647895,36015000,65661000,0.82
2017-11-03,0.639266,0.639266,0.415785,0.566009,17127500,43929900,0.53
2017-11-04,0.551961,0.917262,0.551961,0.883576,47033700,37934100,0.73
2017-11-05,0.865118,0.871152,0.641325,0.740538,15072100,59462200,0.76
2017-11-06,0.733284,0.762521,0.655988,0.725054,9743150,50405800,0.71
2017-11-07,0.713465,0.715094,0.578059,0.620840,6673800,49048300,0.65
2017-11-08,0.620867,0.785169,0.564203,0.710909,17778800,42686800,0.67
2017-11-09,0.693943,0.760253,0.670322,0.693482,7329060,47715700,0.72
2017-11-10,0.700852,0.723973,0.534961,0.571295,5809850,48195600,0.63
2017-11-11,0.575256,0.625396,0.520898,0.542120,4355570,39562700,0.57
2017-11-12,0.539979,0.544797,0.382726,0.451830,6559570,37140100,0.46
2017-11-13,0.447740,0.559277,0.436966,0.544649,6119580,30798900,0.50
2017-11-14,0.540225,0.555366,0.489494,0.510919,2545080,37164500,0.52
2017-11-15,0.512784,0.517003,0.473378,0.507596,2577780,35280200,0.50
2017-11-16,0.508510,0.513029,0.433307,0.440140,2717860,34989600,0.47
2017-11-17,0.435632,0.491257,0.410225,0.442503,2676600,29978000,0.45
2017-11-18,0.446346,0.666417,0.440142,0.612637,15750400,30718300,0.55
2017-11-19,0.611737,0.638153,0.528048,0.563382,9696140,42105000,0.58
2017-11-20,0.568751,0.601436,0.531166,0.584423,5711640,39150300,0.57
2017-11-21,0.578537,0.722723,0.542139,0.593955,15969600,39827800,0.63
2017-11-22,0.595621,0.618735,0.563092,0.583979,4330190,41008000,0.59
2017-11-23,0.583064,0.588239,0.533094,0.541193,1815900,40147500,0.56
2017-11-24,0.540610,0.557037,0.504912,0.540841,1756000,37227900,0.53
2017-11-25,0.538930,0.590222,0.538034,0.570684,1972070,37115900,0.56
2017-11-26,0.570671,0.686613,0.553138,0.611457,5058240,39305800,0.62
2017-11-27,0.620109,0.666746,0.591671,0.624251,2354240,42715100,0.63
2017-11-28,0.624109,0.682607,0.610241,0.655741,2794500,42994900,0.65
2017-11-29,0.658086,0.758919,0.527668,0.553449,4764240,45340200,0.64
2017-11-30,0.550592,0.611373,0.519048,0.611373,1739800,37937900,0.57
2017-12-01,0.601494,0.689463,0.578472,0.679917,2760690,41449300,0.63
2017-12-02,0.681275,0.860203,0.665911,0.860203,7123970,46951800,0.76
2017-12-03,0.874257,1.08,0.843973,1.04,19431300,60257600,0.96
2017-12-04,1.16,1.43,1.12,1.38,24529900,79973800,1.27
2017-12-05,1.37,1.37,1.24,1.28,5444620,94312200,1.31
2017-12-06,1.29,1.29,1.03,1.12,8057000,89050700,1.16
2017-12-07,1.09,1.20,0.961661,0.979456,7614860,75333800,1.08
2017-12-08,0.987463,1.04,0.843179,1.01,4642740,68094000,0.94
2017-12-09,1.00,1.28,0.993660,1.15,8835880,69048000,1.14
2017-12-10,1.12,1.12,0.752578,1.01,5034620,77221500,0.94
2017-12-11,1.02,1.12,0.996281,1.06,3753610,70247400,1.06
2017-12-12,1.07,1.16,1.03,1.14,3756590,73649000,1.09
2017-12-13,1.15,1.17,1.03,1.14,3708570,79252700,1.10
2017-12-14,1.11,1.26,1.11,1.20,5841190,76825300,1.19
2017-12-15,1.20,1.24,1.04,1.21,4693940,82663800,1.14
2017-12-16,1.21,1.33,1.20,1.29,5549460,83575300,1.27
2017-12-17,1.28,1.38,1.25,1.34,4451350,88070900,1.31
2017-12-18,1.35,1.65,1.30,1.58,10217000,93111900,1.48
2017-12-19,1.58,2.33,1.58,2.12,22044000,109046000,1.96
2017-12-20,2.48,2.56,1.92,2.20,15259000,171183000,2.24
2017-12-21,2.16,2.69,2.14,2.42,12220200,149043000,2.42
2017-12-22,2.54,2.57,1.24,1.85,9619400,175173000,1.90
2017-12-23,1.88,2.30,1.75,1.99,8341820,130030000,2.02
2017-12-24,2.02,2.19,1.76,2.14,7021960,139221000,1.98
2017-12-25,2.13,2.22,1.90,2.04,11842800,147028000,2.06
2017-12-26,2.02,2.06,1.81,1.95,6072940,139585000,1.94
2017-12-27,1.97,1.97,1.71,1.79,4264660,136020000,1.84
2017-12-28,1.77,1.78,1.40,1.59,3703970,122407000,1.59
2017-12-29,1.59,1.72,1.50,1.69,4826970,109824000,1.61
2017-12-30,1.65,1.66,1.29,1.40,2342580,113828000,1.48
2017-12-31,1.37,1.55,1.34,1.51,1907920,94999300,1.45
2018-01-01,1.56,1.75,1.45,1.65,4346100,108117000,1.60
2018-01-02,1.65,1.86,1.61,1.80,5747730,113955000,1.74
2018-01-03,1.93,1.95,1.60,1.86,4943900,133093000,1.77
2018-01-04,1.89,2.34,1.68,1.95,11144900,130464000,2.01
2018-01-05,1.98,2.49,1.69,1.75,11538800,136844000,2.09
2018-01-06,1.87,1.93,1.55,1.85,5655310,129394000,1.74
2018-01-07,1.83,1.89,1.74,1.79,3476750,126602000,1.81
2018-01-08,1.81,1.81,1.40,1.63,3407130,125019000,1.60
2018-01-09,1.62,1.68,1.51,1.58,3563810,112222000,1.59
2018-01-10,1.59,1.59,1.32,1.47,2739580,109865000,1.46
2018-01-11,1.44,1.45,0.965981,1.25,4352060,99574000,1.21
2018-01-12,1.26,1.49,1.16,1.43,3405100,87382600,1.32
2018-01-13,1.42,1.59,1.41,1.51,2553860,98405800,1.50
2018-01-14,1.53,1.53,1.28,1.35,2125990,106154000,1.41
2018-01-15,1.32,1.37,1.26,1.26,5801530,91620700,1.31
2018-01-16,1.26,1.26,0.678899,0.848998,7455920,87126700,0.97
2018-01-17,0.846485,0.876751,0.615109,0.853730,3807750,58603500,0.75
2018-01-18,0.903502,1.04,0.839628,0.951602,12531700,62557100,0.94
2018-01-19,0.944842,1.14,0.881061,1.10,17821400,65425900,1.01
2018-01-20,1.21,1.25,1.10,1.23,22765000,83993800,1.18
