2017-01-01,0.000193,0.000216,0.000192,0.000215,6,135292,0.00
2017-01-02,0.000206,0.000207,0.000191,0.000204,10,144613,0.00
2017-01-03,0.000204,0.000259,0.000203,0.000217,886,143109,0.00
2017-01-04,0.000217,0.000332,0.000214,0.000295,4441,152049,0.00
2017-01-05,0.000295,0.000329,0.000214,0.000226,546,207224,0.00
2017-01-06,0.000227,0.000258,0.000202,0.000245,729,159151,0.00
2017-01-07,0.000246,0.000281,0.000216,0.000247,351,172376,0.00
2017-01-08,0.000237,0.000280,0.000232,0.000259,42,166478,0.00
2017-01-09,0.000261,0.000300,0.000235,0.000281,188,183319,0.00
2017-01-10,0.000281,0.000281,0.000255,0.000255,98,197079,0.00
2017-01-11,0.000257,0.000271,0.000214,0.000235,804,180594,0.00
2017-01-12,0.000235,0.000238,0.000216,0.000222,3643,164850,0.00
2017-01-13,0.000222,0.000733,0.000194,0.000600,876,155971,0.00
2017-01-14,0.000600,0.000609,0.000191,0.000456,7017,421337,0.00
2017-01-15,0.000456,0.000459,0.000183,0.000297,2855,320081,0.00
2017-01-16,0.000297,0.000417,0.000295,0.000362,6119,208374,0.00
2017-01-17,0.000362,0.000382,0.000221,0.000381,7753,253749,0.00
2017-01-18,0.000382,0.000387,0.000306,0.000360,2671,268033,0.00
2017-01-19,0.000361,0.000463,0.000344,0.000436,1143,253518,0.00
2017-01-20,0.000435,0.000454,0.000362,0.000443,6300,305555,0.00
2017-01-21,0.000444,0.000465,0.000369,0.000376,1541,311600,0.00
2017-01-22,0.000377,0.000436,0.000363,0.000367,2116,264343,0.00
2017-01-23,0.000368,0.000378,0.000345,0.000378,93,258100,0.00
2017-01-24,0.000373,0.000413,0.000366,0.000395,800,262067,0.00
2017-01-25,0.000395,0.000405,0.000327,0.000359,3787,277477,0.00
2017-01-26,0.000359,0.000391,0.000337,0.000378,840,252322,0.00
2017-01-27,0.000378,0.000752,0.000378,0.000745,11287,265375,0.00
2017-01-28,0.000745,0.001098,0.000543,0.000882,10022,522802,0.00
2017-01-29,0.000885,0.001323,0.000726,0.000737,9211,621103,0.00
2017-01-30,0.000732,0.000845,0.000590,0.000597,3651,514121,0.00
2017-01-31,0.000590,0.000858,0.000586,0.000733,1727,414253,0.00
2017-02-01,0.000733,0.000866,0.000662,0.000708,8069,514593,0.00
2017-02-02,0.000795,0.000907,0.000671,0.000800,557,557772,0.00
2017-02-03,0.000807,0.001439,0.000805,0.001343,10990,566456,0.00
2017-02-04,0.001344,0.002367,0.001248,0.001798,8862,943094,0.00
2017-02-05,0.001800,0.002086,0.001419,0.001438,27419,1263160,0.00
2017-02-06,0.001437,0.001875,0.001437,0.001635,6870,1008680,0.00
2017-02-07,0.001612,0.002046,0.001426,0.001725,4027,1131700,0.00
2017-02-08,0.001725,0.001728,0.001399,0.001399,3038,1211000,0.00
2017-02-09,0.001401,0.001654,0.001337,0.001593,5140,983508,0.00
2017-02-10,0.001597,0.001752,0.001394,0.001743,6265,1120960,0.00
2017-02-11,0.001744,0.002043,0.001576,0.001992,10927,1223830,0.00
2017-02-12,0.001991,0.002530,0.001789,0.002032,20122,1397440,0.00
2017-02-13,0.002036,0.003086,0.002035,0.003076,38431,1429050,0.00
2017-02-14,0.003078,0.003914,0.002824,0.003636,85989,2160530,0.00
2017-02-15,0.003637,0.003975,0.003088,0.003403,31130,2552560,0.00
2017-02-16,0.003405,0.003599,0.002927,0.003042,11848,2390090,0.00
2017-02-17,0.003054,0.003536,0.002646,0.002874,13582,2143410,0.00
2017-02-18,0.002879,0.002941,0.002426,0.002537,15895,2020960,0.00
2017-02-19,0.002537,0.002828,0.002347,0.002651,5531,1780730,0.00
2017-02-20,0.002652,0.002930,0.002566,0.002678,9750,1861410,0.00
2017-02-21,0.002677,0.003089,0.002539,0.002743,20797,1878660,0.00
2017-02-22,0.002742,0.002886,0.002230,0.002299,9329,1924820,0.00
2017-02-23,0.002298,0.003258,0.002261,0.002859,11108,1612750,0.00
2017-02-24,0.002864,0.002985,0.002619,0.002621,6187,2009890,0.00
2017-02-25,0.002618,0.002963,0.002530,0.002785,3777,1837590,0.00
2017-02-26,0.002786,0.002925,0.002403,0.002784,9085,1955620,0.00
2017-02-27,0.002781,0.002872,0.002547,0.002579,9438,1952230,0.00
2017-02-28,0.002580,0.003161,0.002475,0.003089,26383,1811160,0.00
2017-03-01,0.003089,0.003108,0.002431,0.002431,11624,2168390,0.00
2017-03-02,0.002511,0.002638,0.002237,0.002474,9788,1762730,0.00
2017-03-03,0.002474,0.002546,0.002068,0.002068,4165,1736330,0.00
2017-03-04,0.002073,0.002277,0.001862,0.002039,3109,1454700,0.00
2017-03-05,0.002037,0.002219,0.001695,0.002218,5200,1430000,0.00
2017-03-06,0.002219,0.002284,0.002012,0.002261,869,1557220,0.00
2017-03-07,0.002262,0.002347,0.002025,0.002025,2344,1587600,0.00
2017-03-08,0.002023,0.002207,0.001914,0.001938,5286,1420220,0.00
2017-03-09,0.001936,0.002252,0.001845,0.001849,5058,1358530,0.00
2017-03-10,0.001850,0.002383,0.001566,0.001726,11761,1298700,0.00
2017-03-11,0.001718,0.002024,0.001667,0.001668,1402,1205500,0.00
2017-03-12,0.001669,0.001918,0.001434,0.001915,6984,1171440,0.00
2017-03-13,0.001915,0.002236,0.001635,0.002236,7279,1344180,0.00
2017-03-14,0.002282,0.002641,0.001909,0.001957,1784,1601730,0.00
2017-03-15,0.001957,0.002237,0.001617,0.001852,5830,1373520,0.00
2017-03-16,0.001854,0.001864,0.001593,0.001646,2574,1301520,0.00
2017-03-17,0.001636,0.001864,0.001463,0.001759,5806,1148130,0.00
2017-03-18,0.001759,0.001837,0.001301,0.001516,4412,1234660,0.00
2017-03-19,0.001520,0.001739,0.001499,0.001629,1530,1067050,0.00
2017-03-20,0.001628,0.001733,0.001501,0.001513,2725,1143020,0.00
2017-03-21,0.001515,0.001897,0.001515,0.001891,4685,1063450,0.00
2017-03-22,0.001892,0.002276,0.001860,0.002243,14467,1327750,0.00
2017-03-23,0.002037,0.002784,0.002036,0.002540,19258,1429910,0.00
2017-03-24,0.002335,0.002739,0.002250,0.002267,7121,1638620,0.00
2017-03-25,0.002250,0.002828,0.002244,0.002809,13084,1579530,0.00
2017-03-26,0.002813,0.003407,0.002589,0.003357,25703,1974360,0.00
2017-03-27,0.003357,0.003702,0.003187,0.003702,33463,2356310,0.00
2017-03-28,0.003704,0.004295,0.003290,0.004295,17853,2599990,0.00
2017-03-29,0.004291,0.004470,0.003662,0.004386,25019,3012020,0.00
2017-03-30,0.004359,0.004380,0.003893,0.003957,10882,3059600,0.00
2017-03-31,0.003958,0.004567,0.003958,0.004251,23262,2778280,0.00
2017-04-01,0.004246,0.004644,0.003554,0.004237,27602,2980470,0.00
2017-04-02,0.004230,0.005189,0.003780,0.005086,22620,2969200,0.00
2017-04-03,0.005045,0.005534,0.004104,0.004465,41082,3541170,0.00
2017-04-04,0.004459,0.004580,0.004038,0.004180,15657,3129410,0.00
2017-04-05,0.004183,0.004642,0.003797,0.004642,13041,2936080,0.00
2017-04-06,0.004668,0.004760,0.003543,0.003586,17652,3276630,0.00
2017-04-07,0.003574,0.004393,0.003242,0.003709,10568,2508680,0.00
2017-04-08,0.003696,0.003766,0.003135,0.003186,12484,2594210,0.00
2017-04-09,0.003187,0.004282,0.003169,0.004168,10219,2237220,0.00
2017-04-10,0.004167,0.004235,0.003578,0.004049,3985,2924430,0.00
2017-04-11,0.004051,0.004656,0.003619,0.004648,12809,2843090,0.00
2017-04-12,0.004652,0.005053,0.004261,0.005030,32735,3265380,0.00
2017-04-13,0.005032,0.005294,0.004658,0.004779,16956,3532230,0.00
2017-04-14,0.004783,0.005192,0.004524,0.004670,13732,3356800,0.00
2017-04-15,0.004312,0.004815,0.004301,0.004559,4851,3026400,0.00
2017-04-16,0.004468,0.004763,0.004333,0.004411,14286,3136120,0.00
2017-04-17,0.004412,0.004818,0.004168,0.004690,7849,3096420,0.00
2017-04-18,0.004690,0.005043,0.004465,0.004777,6769,3291760,0.00
2017-04-19,0.004782,0.005057,0.004544,0.005057,6465,3356280,0.00
2017-04-20,0.005060,0.005281,0.004860,0.005116,14485,3551530,0.01
2017-04-21,0.005117,0.005474,0.003738,0.003751,50557,3591410,0.00
2017-04-22,0.003876,0.004927,0.003796,0.004352,7972,2720730,0.00
2017-04-23,0.004293,0.004688,0.004231,0.004550,12800,3013030,0.00
2017-04-24,0.004554,0.004896,0.004266,0.004449,17928,3196610,0.00
2017-04-25,0.004447,0.005005,0.004264,0.004264,7288,3121000,0.00
2017-04-26,0.004265,0.005080,0.004220,0.004259,14796,2993630,0.00
2017-04-27,0.004261,0.004918,0.004158,0.004160,18330,2990790,0.00
2017-04-28,0.004160,0.004543,0.004057,0.004355,6608,2920080,0.00
2017-04-29,0.004371,0.005075,0.003823,0.004981,35404,3068220,0.00
2017-04-30,0.004981,0.005076,0.004054,0.004407,1838,3496320,0.00
2017-05-01,0.004390,0.005117,0.004109,0.004293,21207,3080960,0.00
2017-05-02,0.004293,0.004713,0.003662,0.004325,16959,3012900,0.00
2017-05-03,0.004327,0.004372,0.003739,0.004236,22189,3037400,0.00
2017-05-04,0.004594,0.005220,0.003922,0.003999,8578,3224780,0.00
2017-05-05,0.004007,0.005149,0.004007,0.004837,2085,2812420,0.00
2017-05-06,0.004842,0.006586,0.004612,0.006194,12245,3398300,0.01
2017-05-07,0.006198,0.006200,0.005018,0.005527,12635,4350000,0.01
2017-05-08,0.005529,0.006647,0.005226,0.006053,38174,3880820,0.01
2017-05-09,0.006055,0.007055,0.005721,0.006557,32118,4249710,0.01
2017-05-10,0.006561,0.007083,0.006396,0.007061,36467,4605320,0.01
2017-05-11,0.007067,0.008549,0.006576,0.007860,37654,4960310,0.01
2017-05-12,0.007863,0.007985,0.006610,0.006895,37839,5519130,0.01
2017-05-13,0.006882,0.008054,0.006650,0.008038,39848,4830040,0.01
2017-05-14,0.008028,0.009120,0.007878,0.009120,94965,5634750,0.01
2017-05-15,0.009107,0.010728,0.008701,0.009601,75028,6392360,0.01
2017-05-16,0.010211,0.010211,0.008569,0.009280,29183,7166870,0.01
2017-05-17,0.009263,0.010514,0.008615,0.009609,20637,6501520,0.01
2017-05-18,0.009604,0.010336,0.009215,0.009543,8805,6740780,0.01
2017-05-19,0.009544,0.013960,0.009544,0.012070,144402,6698580,0.01
2017-05-20,0.014001,0.015159,0.012703,0.014840,195583,9827080,0.01
2017-05-21,0.014889,0.016814,0.014874,0.016767,129822,10450300,0.02
2017-05-22,0.016806,0.022287,0.015047,0.020240,211879,11796100,0.02
2017-05-23,0.020221,0.023577,0.018295,0.020629,301082,14192600,0.02
2017-05-24,0.021331,0.027287,0.019814,0.026816,379198,14971700,0.02
2017-05-25,0.026768,0.029097,0.019366,0.024530,201275,18787900,0.02
2017-05-26,0.022860,0.027091,0.020876,0.021065,87218,16044800,0.02
2017-05-27,0.020397,0.021499,0.011677,0.018641,172737,14316000,0.02
2017-05-28,0.018748,0.021714,0.018451,0.019081,35110,13159000,0.02
2017-05-29,0.019045,0.022916,0.019045,0.022405,29683,13367300,0.02
2017-05-30,0.022439,0.023218,0.018774,0.020420,75116,15749600,0.02
2017-05-31,0.020500,0.023904,0.018535,0.023904,28198,14388600,0.02
2017-06-01,0.024473,0.025827,0.020373,0.021307,21495,17177000,0.02
2017-06-02,0.021320,0.022734,0.018946,0.020893,31964,14964000,0.02
2017-06-03,0.020880,0.022422,0.018080,0.020695,34664,14655700,0.02
2017-06-04,0.020650,0.021161,0.016785,0.019018,32697,14493800,0.02
2017-06-05,0.019991,0.021225,0.016248,0.021225,51257,14031600,0.02
2017-06-06,0.021289,0.021930,0.018085,0.021091,43658,14942800,0.02
2017-06-07,0.021096,0.022092,0.018021,0.019267,55696,14807100,0.02
2017-06-08,0.019363,0.020920,0.017748,0.019759,30864,13590200,0.02
2017-06-09,0.019730,0.026813,0.018253,0.026106,36062,13847800,0.02
2017-06-10,0.025864,0.025864,0.018799,0.019092,56731,18153700,0.02
2017-06-11,0.019088,0.020958,0.015959,0.020811,33019,13397800,0.02
2017-06-12,0.020778,0.020869,0.014601,0.018043,23098,14584000,0.02
2017-06-13,0.017983,0.018390,0.014556,0.016325,15165,12621700,0.02
2017-06-14,0.016316,0.017084,0.014146,0.014230,19479,11451800,0.02
2017-06-15,0.014229,0.014780,0.011740,0.014210,18812,9987390,0.01
2017-06-16,0.014211,0.015656,0.013515,0.015002,13125,9974260,0.01
2017-06-17,0.015005,0.015839,0.014304,0.014751,3093,10531800,0.02
2017-06-18,0.014751,0.022223,0.014739,0.020436,10305,10353500,0.02
2017-06-19,0.020701,0.021785,0.016930,0.019734,20613,14529600,0.02
2017-06-20,0.019727,0.020404,0.016176,0.017286,20356,13846100,0.02
2017-06-21,0.018011,0.019861,0.017658,0.019130,52749,12641400,0.02
2017-06-22,0.019139,0.019788,0.017577,0.018807,9398,13433100,0.02
2017-06-23,0.018807,0.023634,0.017904,0.021685,19850,13200600,0.02
2017-06-24,0.021684,0.021923,0.019103,0.020446,15611,15219700,0.02
2017-06-25,0.020403,0.020411,0.018202,0.018632,15253,14320300,0.02
2017-06-26,0.018626,0.019514,0.015073,0.016101,8815,13073400,0.02
2017-06-27,0.016423,0.019074,0.012854,0.017413,24349,11526800,0.02
2017-06-28,0.017519,0.018260,0.015268,0.015400,9985,12296500,0.02
2017-06-29,0.015392,0.017377,0.015255,0.015278,4243,10803400,0.02
2017-06-30,0.015307,0.016560,0.015132,0.015804,4224,10743800,0.02
2017-07-01,0.015727,0.016560,0.013896,0.014258,6807,11038600,0.02
2017-07-02,0.014254,0.015873,0.013777,0.014767,6160,10004600,0.01
2017-07-03,0.014722,0.017314,0.014658,0.015976,6426,10332900,0.02
2017-07-04,0.015949,0.017583,0.015631,0.017484,5035,11194200,0.02
2017-07-05,0.017477,0.017690,0.015918,0.017361,7466,12266900,0.02
2017-07-06,0.017397,0.018597,0.016709,0.016709,5000,12210400,0.02
2017-07-07,0.016718,0.017018,0.012637,0.015621,22856,11734300,0.01
2017-07-08,0.015633,0.015635,0.012307,0.013037,17128,10972700,0.01
2017-07-09,0.013054,0.016012,0.012967,0.012968,3997,9162360,0.01
2017-07-10,0.012984,0.015155,0.011671,0.012001,5809,9113630,0.01
2017-07-11,0.011976,0.014632,0.011207,0.011281,27433,8405920,0.01
2017-07-12,0.011225,0.012817,0.010865,0.012281,10331,7878430,0.01
2017-07-13,0.012292,0.014036,0.011685,0.011685,3077,8627770,0.01
2017-07-14,0.011683,0.011972,0.009570,0.009861,2116,8200240,0.01
2017-07-15,0.009871,0.010068,0.008332,0.008858,9312,6928450,0.01
2017-07-16,0.008833,0.009981,0.006771,0.009818,3757,6199710,0.01
2017-07-17,0.009809,0.010999,0.009435,0.010897,5448,6884640,0.01
2017-07-18,0.010917,0.011920,0.010346,0.011643,5768,7662210,0.01
2017-07-19,0.011644,0.013245,0.009516,0.010787,4785,8172880,0.01
2017-07-20,0.010770,0.014762,0.010744,0.014072,64450,7559280,0.01
2017-07-21,0.014193,0.018840,0.011158,0.014385,89799,9962130,0.01
2017-07-22,0.014382,0.016932,0.012275,0.016893,85404,10094700,0.01
2017-07-23,0.016893,0.018403,0.013337,0.016671,80097,11856800,0.02
2017-07-24,0.016646,0.016646,0.013369,0.013537,21888,11683600,0.02
2017-07-25,0.013535,0.014096,0.010585,0.010597,45596,9500240,0.01
2017-07-26,0.010600,0.011286,0.009895,0.010549,54916,7439960,0.01
2017-07-27,0.010575,0.012715,0.009917,0.011527,48401,7422300,0.01
2017-07-28,0.011561,0.013059,0.011031,0.011346,28719,8114320,0.01
2017-07-29,0.011325,0.012002,0.010837,0.011633,9757,7949000,0.01
2017-07-30,0.011585,0.011615,0.010070,0.011028,4932,8131590,0.01
2017-07-31,0.011039,0.011095,0.010148,0.010584,12029,7748360,0.01
2017-08-01,0.010589,0.011692,0.009711,0.011553,3067,7432510,0.01
2017-08-02,0.011551,0.011561,0.010539,0.010756,3033,8107800,0.01
2017-08-03,0.010775,0.011020,0.010596,0.010963,2816,7562950,0.01
2017-08-04,0.010695,0.011881,0.010511,0.010852,2039,7506790,0.01
2017-08-05,0.010847,0.012760,0.010839,0.012760,9041,7613630,0.01
2017-08-06,0.012763,0.012886,0.011554,0.011860,3601,8958440,0.01
2017-08-07,0.011854,0.013357,0.010845,0.013291,5319,8320020,0.01
2017-08-08,0.013234,0.014318,0.012319,0.012447,19881,9288790,0.01
2017-08-09,0.012437,0.014227,0.012020,0.014021,12948,8729240,0.01
2017-08-10,0.014025,0.014154,0.012945,0.013351,9294,9843540,0.01
2017-08-11,0.013377,0.014163,0.011974,0.013309,16612,9389120,0.01
2017-08-12,0.013299,0.013990,0.012252,0.012987,5472,9334580,0.01
2017-08-13,0.012977,0.013672,0.012661,0.013026,15997,9108390,0.01
2017-08-14,0.013033,0.016662,0.012761,0.013932,12587,9147420,0.01
2017-08-15,0.013957,0.014531,0.012257,0.013292,12690,9796400,0.01
2017-08-16,0.013335,0.014229,0.011596,0.013514,65926,9359690,0.01
2017-08-17,0.013502,0.013553,0.010405,0.010758,15806,9476740,0.01
2017-08-18,0.011218,0.011598,0.010084,0.010503,4079,7873520,0.01
2017-08-19,0.010495,0.011232,0.009767,0.010150,4711,7366020,0.01
2017-08-20,0.010105,0.014026,0.009445,0.009873,12008,7092360,0.01
2017-08-21,0.009803,0.013770,0.009799,0.011994,19188,6880360,0.01
2017-08-22,0.012022,0.012185,0.009714,0.010214,2888,8438190,0.01
2017-08-23,0.010202,0.013727,0.010153,0.010963,8430,7160830,0.01
2017-08-24,0.010967,0.013671,0.010947,0.011446,6771,7697370,0.01
2017-08-25,0.011467,0.014535,0.009916,0.011128,24602,8048620,0.01
2017-08-26,0.011132,0.013151,0.009780,0.012601,14737,7813350,0.01
2017-08-27,0.012598,0.014174,0.012083,0.012834,31756,8842280,0.01
2017-08-28,0.012828,0.014038,0.012114,0.012244,8697,9003680,0.01
2017-08-29,0.012265,0.014073,0.010950,0.011706,19579,8608690,0.01
2017-08-30,0.011691,0.013832,0.011179,0.011602,17403,8205610,0.01
2017-08-31,0.011582,0.012786,0.011283,0.011924,25514,8128970,0.01
2017-09-01,0.011936,0.012047,0.011523,0.011827,17079,8377760,0.01
2017-09-02,0.011842,0.012006,0.010606,0.010878,6060,8311990,0.01
2017-09-03,0.010887,0.011500,0.010286,0.011014,8987,7641740,0.01
2017-09-04,0.011018,0.011456,0.009614,0.009783,6483,7733330,0.01
2017-09-05,0.009826,0.010664,0.009244,0.010330,8136,6896460,0.01
2017-09-06,0.010342,0.012255,0.010342,0.011830,19859,7258980,0.01
2017-09-07,0.011813,0.012708,0.010726,0.010849,9095,8291290,0.01
2017-09-08,0.010855,0.012332,0.009864,0.010635,4765,7618640,0.01
2017-09-09,0.010656,0.011629,0.009550,0.011629,447,7479380,0.01
2017-09-10,0.011655,0.011763,0.010256,0.010584,3486,8180700,0.01
2017-09-11,0.010568,0.011079,0.009995,0.010522,4995,7417620,0.01
2017-09-12,0.010742,0.011488,0.010742,0.010920,9891,7539840,0.01
2017-09-13,0.010924,0.011269,0.009518,0.009877,3133,7667490,0.01
2017-09-14,0.009876,0.010008,0.007135,0.007135,2749,6931960,0.01
2017-09-15,0.007144,0.009730,0.007144,0.009422,4442,5014090,0.01
2017-09-16,0.009398,0.009912,0.007803,0.009912,937,6596530,0.01
2017-09-17,0.009871,0.011156,0.009091,0.010881,1450,6928530,0.01
2017-09-18,0.010881,0.012687,0.009645,0.010560,8886,7636940,0.01
2017-09-19,0.010586,0.010658,0.009146,0.009352,3726,7430100,0.01
2017-09-20,0.009342,0.009808,0.008631,0.009435,18292,6556790,0.01
2017-09-21,0.009544,0.010310,0.007894,0.008339,12872,6698770,0.01
2017-09-22,0.008330,0.008595,0.007884,0.008539,4951,5846340,0.01
2017-09-23,0.008519,0.009431,0.007050,0.009431,1096,5979220,0.01
2017-09-24,0.009430,0.009430,0.007614,0.007614,6057,6618880,0.01
2017-09-25,0.007604,0.009374,0.007602,0.009123,4775,5337120,0.01
2017-09-26,0.009122,0.009840,0.008652,0.008681,5389,6402810,0.01
2017-09-27,0.008655,0.012962,0.008655,0.011360,43498,6074840,0.01
2017-09-28,0.011360,0.013288,0.010516,0.012346,40919,7973460,0.01
2017-09-29,0.012337,0.013839,0.012182,0.013548,17678,8658930,0.01
2017-09-30,0.013551,0.014467,0.013545,0.014422,8012,9511090,0.01
2017-10-01,0.014428,0.014534,0.013612,0.013724,2740,10127000,0.01
2017-10-02,0.013719,0.013910,0.011091,0.011700,13321,9628880,0.01
2017-10-03,0.011736,0.013149,0.010693,0.012498,5477,8237170,0.01
2017-10-04,0.012527,0.012535,0.010282,0.010924,2588,8792580,0.01
2017-10-05,0.010934,0.011703,0.010293,0.011580,1511,7674220,0.01
2017-10-06,0.011580,0.011731,0.010825,0.010825,2548,8127510,0.01
2017-10-07,0.010823,0.012533,0.010628,0.011140,5515,7596780,0.01
2017-10-08,0.011111,0.012032,0.010650,0.011144,8298,7798920,0.01
2017-10-09,0.011147,0.011282,0.010417,0.010686,3336,7824230,0.01
2017-10-10,0.010685,0.011449,0.009640,0.010762,4424,7499700,0.01
2017-10-11,0.010762,0.011492,0.010260,0.010273,1825,7553910,0.01
2017-10-12,0.010281,0.012457,0.010224,0.011613,5813,7215860,0.01
2017-10-13,0.011650,0.028033,0.011575,0.022167,382769,8176580,0.02
2017-10-14,0.022173,0.035187,0.019753,0.028256,273408,15562900,0.03
2017-10-15,0.026048,0.031081,0.023439,0.024293,72189,18282800,0.03
2017-10-16,0.024724,0.026351,0.022696,0.022988,42745,17353400,0.02
2017-10-17,0.022991,0.023055,0.020104,0.020181,48027,16136700,0.02
2017-10-18,0.020200,0.022954,0.019213,0.022874,8386,14178100,0.02
2017-10-19,0.022873,0.028022,0.021396,0.025647,49187,16054000,0.02
2017-10-20,0.025652,0.025734,0.021618,0.022325,58150,18004500,0.02
2017-10-21,0.022278,0.023217,0.019863,0.022545,63547,15636300,0.02
2017-10-22,0.022551,0.024991,0.020685,0.024954,4385,15828500,0.02
2017-10-23,0.024924,0.025411,0.021103,0.023220,242,17494000,0.02
2017-10-24,0.023169,0.023277,0.018371,0.020641,9322,16262000,0.02
2017-10-25,0.020651,0.021642,0.019588,0.021525,5571,14494800,0.02
2017-10-26,0.021518,0.022010,0.020274,0.021923,2322,15103400,0.02
2017-10-27,0.021915,0.023214,0.020647,0.021037,5361,15381700,0.02
2017-10-28,0.021094,0.021486,0.018615,0.019559,7674,14805600,0.02
2017-10-29,0.019532,0.022415,0.018623,0.021732,3577,13709300,0.02
2017-10-30,0.021673,0.022763,0.019557,0.019744,8629,15212300,0.02
2017-10-31,0.019681,0.020507,0.019606,0.020507,7741,13814000,0.02
2017-11-01,0.020492,0.021172,0.019090,0.019657,32409,14382800,0.02
2017-11-02,0.019679,0.021121,0.017427,0.020957,51754,13812100,0.02
2017-11-03,0.020929,0.021564,0.017459,0.017605,24638,14690000,0.02
2017-11-04,0.017559,0.018270,0.016848,0.017368,26070,12324400,0.02
2017-11-05,0.017336,0.018297,0.017164,0.017852,6070,12167500,0.02
2017-11-06,0.017891,0.019966,0.017275,0.018745,3186,12557600,0.02
2017-11-07,0.018708,0.019923,0.016604,0.019910,4665,13130700,0.02
2017-11-08,0.019847,0.022433,0.016732,0.019067,27258,13930500,0.02
2017-11-09,0.019048,0.030687,0.018645,0.027705,149777,13369300,0.02
2017-11-10,0.027787,0.028588,0.022258,0.022830,24389,19503100,0.03
2017-11-11,0.022749,0.026390,0.021811,0.022281,4334,15967200,0.02
2017-11-12,0.022264,0.022758,0.019379,0.021749,928,15626900,0.02
2017-11-13,0.021781,0.025962,0.021611,0.022858,3469,15287500,0.02
2017-11-14,0.022895,0.023874,0.022611,0.023224,879,16069900,0.02
2017-11-15,0.023246,0.025560,0.023246,0.025205,5529,16315900,0.02
2017-11-16,0.025299,0.028676,0.024642,0.027382,7663,17757300,0.03
2017-11-17,0.027339,0.027630,0.024004,0.026246,3489,19188500,0.03
2017-11-18,0.026146,0.028335,0.024123,0.028152,2205,18351600,0.03
2017-11-19,0.028100,0.029039,0.024736,0.027287,5558,19722700,0.03
2017-11-20,0.027275,0.028720,0.022746,0.027414,27843,19143700,0.03
2017-11-21,0.027383,0.028531,0.023218,0.025279,6697,19219500,0.03
2017-11-22,0.025342,0.027010,0.023626,0.023768,11347,17787300,0.03
2017-11-23,0.023762,0.026803,0.019243,0.025915,72704,16678500,0.02
2017-11-24,0.025879,0.026101,0.022946,0.025555,6619,18164300,0.02
2017-11-25,0.025492,0.027270,0.023596,0.025108,14672,17892500,0.03
2017-11-26,0.025097,0.028171,0.025075,0.027919,5805,17615300,0.03
2017-11-27,0.027914,0.031527,0.027046,0.028160,11868,19592600,0.03
2017-11-28,0.028550,0.034770,0.022439,0.030907,61274,20038600,0.03
2017-11-29,0.030876,0.039345,0.025739,0.026631,19991,21671300,0.03
2017-11-30,0.026989,0.032807,0.023491,0.026556,35944,18942900,0.03
2017-12-01,0.026536,0.028830,0.020042,0.028664,19258,18625300,0.02
2017-12-02,0.028641,0.031274,0.026613,0.027274,15314,20102500,0.03
2017-12-03,0.027379,0.034430,0.027347,0.031600,20110,19216900,0.03
2017-12-04,0.031704,0.039690,0.031670,0.035016,84155,22252800,0.04
2017-12-05,0.035085,0.058150,0.031884,0.054997,694514,24625800,0.05
2017-12-06,0.053120,0.066393,0.048794,0.054051,897137,37284100,0.06
2017-12-07,0.053821,0.097956,0.050993,0.097956,1225710,37776000,0.07
2017-12-08,0.098184,0.124960,0.082244,0.107952,2531840,68914100,0.10
2017-12-09,0.112994,0.123700,0.086752,0.103959,448479,79308500,0.11
2017-12-10,0.104377,0.104377,0.079985,0.101724,170523,73260700,0.09
2017-12-11,0.095909,0.124244,0.095511,0.118943,418967,67316900,0.11
2017-12-12,0.119324,0.122198,0.087100,0.105514,400202,83751800,0.10
2017-12-13,0.105601,0.113431,0.059769,0.088593,1234410,74119300,0.09
2017-12-14,0.088310,0.102945,0.080327,0.100423,701196,61983700,0.09
2017-12-15,0.100552,0.107983,0.089001,0.099389,372320,70575800,0.10
2017-12-16,0.099528,0.114196,0.091093,0.107783,527030,69857300,0.10
2017-12-17,0.113805,0.121717,0.098859,0.104159,104064,79878300,0.11
2017-12-18,0.104474,0.137625,0.103447,0.125219,1308930,73328700,0.12
2017-12-19,0.125325,0.125849,0.103451,0.109168,139571,87963400,0.11
2017-12-20,0.109060,0.123620,0.096163,0.106039,116840,76547500,0.11
2017-12-21,0.106317,0.122929,0.105433,0.111803,20302,74622100,0.11
2017-12-22,0.112191,0.113296,0.072109,0.089341,15983,78745100,0.09
2017-12-23,0.090184,0.101477,0.088235,0.090594,1203600,63299000,0.09
2017-12-24,0.090614,0.095142,0.074224,0.084107,897238,63600400,0.08
2017-12-25,0.084145,0.091533,0.076422,0.084246,737775,59060300,0.08
2017-12-26,0.084207,0.099778,0.083359,0.095469,839853,59103800,0.09
2017-12-27,0.095219,0.111708,0.094109,0.102534,1200480,66832700,0.10
2017-12-28,0.102565,0.105519,0.092241,0.093548,597555,71988400,0.10
2017-12-29,0.094415,0.101476,0.090185,0.090827,769577,66268300,0.10
2017-12-30,0.090654,0.091661,0.077234,0.079904,702990,63628700,0.08
2017-12-31,0.078985,0.093060,0.072803,0.088227,884090,55438100,0.08
2018-01-01,0.087645,0.090547,0.082913,0.086812,350012,61516400,0.09
2018-01-02,0.086877,0.089911,0.083686,0.086743,528483,60977600,0.09
2018-01-03,0.086690,0.090682,0.081629,0.081996,788594,60846600,0.09
2018-01-04,0.080961,0.087610,0.079636,0.079675,720181,56825400,0.08
2018-01-05,0.081343,0.089658,0.078576,0.088338,839539,57093300,0.08
2018-01-06,0.088509,0.125566,0.087783,0.108051,4883420,62122900,0.11
2018-01-07,0.108874,0.125108,0.103342,0.120229,2813180,76416800,0.11
2018-01-08,0.119070,0.120812,0.106230,0.110266,1416600,83573300,0.11
2018-01-09,0.111782,0.120478,0.111766,0.116976,998898,78457800,0.12
2018-01-10,0.116031,0.116309,0.095412,0.106706,1164600,81440600,0.11
2018-01-11,0.104738,0.111161,0.091649,0.109222,796825,73514000,0.10
2018-01-12,0.109223,0.116745,0.097796,0.115223,1471670,76661900,0.11
2018-01-13,0.114684,0.156990,0.100828,0.106787,8049310,80494900,0.13
2018-01-14,0.105997,0.109822,0.097432,0.102838,1121300,74397500,0.10
2018-01-15,0.100411,0.104190,0.095070,0.095134,963216,70476700,0.10
2018-01-16,0.095024,0.096000,0.060630,0.074120,1318620,66695800,0.08
2018-01-17,0.076738,0.081156,0.051578,0.072366,1105250,53861100,0.07
2018-01-18,0.071299,0.084454,0.069664,0.078177,807761,50043600,0.08
2018-01-19,0.072465,0.081776,0.071445,0.080852,690809,50861800,0.08
2018-01-20,0.080825,0.096414,0.079665,0.090579,1278810,56730100,0.09
