2017-01-01,0.000004,0.000004,0.000003,0.000003,1887,1652530,0.00
2017-01-02,0.000003,0.000003,0.000003,0.000003,3284,1445300,0.00
2017-01-03,0.000003,0.000003,0.000003,0.000003,2060,1470290,0.00
2017-01-04,0.000003,0.000004,0.000003,0.000003,2672,1516060,0.00
2017-01-05,0.000003,0.000005,0.000003,0.000003,4756,1436480,0.00
2017-01-06,0.000003,0.000004,0.000003,0.000003,1870,1464280,0.00
2017-01-07,0.000003,0.000004,0.000003,0.000003,2828,1447520,0.00
2017-01-08,0.000003,0.000004,0.000003,0.000003,2109,1410750,0.00
2017-01-09,0.000003,0.000003,0.000003,0.000003,1254,1331650,0.00
2017-01-10,0.000003,0.000004,0.000003,0.000003,1895,1354770,0.00
2017-01-11,0.000003,0.000004,0.000003,0.000003,3698,1470790,0.00
2017-01-12,0.000003,0.000003,0.000003,0.000003,666,1284640,0.00
2017-01-13,0.000003,0.000003,0.000003,0.000003,1213,1454050,0.00
2017-01-14,0.000003,0.000003,0.000002,0.000002,630,1284890,0.00
2017-01-15,0.000002,0.000003,0.000002,0.000003,63,1067240,0.00
2017-01-16,0.000003,0.000003,0.000002,0.000002,328,1256510,0.00
2017-01-17,0.000002,0.000003,0.000002,0.000002,367,1077970,0.00
2017-01-18,0.000002,0.000002,0.000002,0.000002,822,1041750,0.00
2017-01-19,0.000002,0.000002,0.000002,0.000002,165,971593,0.00
2017-01-20,0.000002,0.000002,0.000002,0.000002,520,856068,0.00
2017-01-21,0.000002,0.000002,0.000002,0.000002,68,891016,0.00
2017-01-22,0.000002,0.000003,0.000002,0.000002,1658,909102,0.00
2017-01-23,0.000002,0.000002,0.000002,0.000002,321,873015,0.00
2017-01-24,0.000002,0.000002,0.000002,0.000002,1021,952887,0.00
2017-01-25,0.000002,0.000002,0.000002,0.000002,574,965096,0.00
2017-01-26,0.000002,0.000002,0.000002,0.000002,631,879472,0.00
2017-01-27,0.000002,0.000002,0.000002,0.000002,281,882596,0.00
2017-01-28,0.000002,0.000002,0.000002,0.000002,380,878545,0.00
2017-01-29,0.000002,0.000002,0.000002,0.000002,173,879525,0.00
2017-01-30,0.000002,0.000002,0.000002,0.000002,377,827289,0.00
2017-01-31,0.000002,0.000002,0.000002,0.000002,592,840016,0.00
2017-02-01,0.000002,0.000002,0.000002,0.000002,440,862392,0.00
2017-02-02,0.000002,0.000002,0.000002,0.000002,319,878408,0.00
2017-02-03,0.000002,0.000002,0.000002,0.000002,819,795451,0.00
2017-02-04,0.000002,0.000002,0.000002,0.000002,511,932377,0.00
2017-02-05,0.000002,0.000002,0.000002,0.000002,325,853480,0.00
2017-02-06,0.000002,0.000002,0.000002,0.000002,293,847896,0.00
2017-02-07,0.000002,0.000002,0.000002,0.000002,1385,847612,0.00
2017-02-08,0.000002,0.000002,0.000002,0.000002,554,838270,0.00
2017-02-09,0.000002,0.000002,0.000002,0.000002,2193,836759,0.00
2017-02-10,0.000002,0.000002,0.000002,0.000002,407,795514,0.00
2017-02-11,0.000002,0.000002,0.000002,0.000002,246,821749,0.00
2017-02-12,0.000002,0.000002,0.000002,0.000002,441,794955,0.00
2017-02-13,0.000002,0.000002,0.000002,0.000002,176,776581,0.00
2017-02-14,0.000002,0.000002,0.000002,0.000002,463,770084,0.00
2017-02-15,0.000002,0.000002,0.000002,0.000002,176,774569,0.00
2017-02-16,0.000002,0.000002,0.000002,0.000002,327,736324,0.00
2017-02-17,0.000002,0.000002,0.000002,0.000002,165,718119,0.00
2017-02-18,0.000002,0.000002,0.000002,0.000002,596,719253,0.00
2017-02-19,0.000002,0.000002,0.000002,0.000002,111,717423,0.00
2017-02-20,0.000002,0.000002,0.000001,0.000002,876,718535,0.00
2017-02-21,0.000002,0.000002,0.000002,0.000002,453,747492,0.00
2017-02-22,0.000002,0.000002,0.000001,0.000001,166,674422,0.00
2017-02-23,0.000001,0.000002,0.000001,0.000002,139,663786,0.00
2017-02-24,0.000002,0.000002,0.000001,0.000001,821,667491,0.00
2017-02-25,0.000001,0.000001,0.000001,0.000001,955,643932,0.00
2017-02-26,0.000001,0.000001,0.000001,0.000001,272,584366,0.00
2017-02-27,0.000001,0.000001,0.000001,0.000001,313,577723,0.00
2017-02-28,0.000001,0.000001,0.000001,0.000001,258,560413,0.00
2017-03-01,0.000001,0.000002,0.000001,0.000001,668,577714,0.00
2017-03-02,0.000001,0.000002,0.000001,0.000002,522,655658,0.00
2017-03-03,0.000002,0.000002,0.000002,0.000002,492,722120,0.00
2017-03-04,0.000002,0.000002,0.000001,0.000002,751,713492,0.00
2017-03-05,0.000002,0.000002,0.000001,0.000001,184,736156,0.00
2017-03-06,0.000001,0.000002,0.000001,0.000001,758,576460,0.00
2017-03-07,0.000001,0.000001,0.000001,0.000001,53,624140,0.00
2017-03-08,0.000001,0.000002,0.000001,0.000002,577,581375,0.00
2017-03-09,0.000002,0.000002,0.000001,0.000002,705,690806,0.00
2017-03-10,0.000002,0.000002,0.000001,0.000001,554,695105,0.00
2017-03-11,0.000002,0.000002,0.000001,0.000001,341,689787,0.00
2017-03-12,0.000001,0.000001,0.000001,0.000001,1708,619948,0.00
2017-03-13,0.000001,0.000001,0.000001,0.000001,359,547273,0.00
2017-03-14,0.000001,0.000001,0.000001,0.000001,373,599784,0.00
2017-03-15,0.000001,0.000002,0.000001,0.000001,1288,589795,0.00
2017-03-16,0.000001,0.000002,0.000001,0.000001,851,581742,0.00
2017-03-17,0.000001,0.000001,0.000001,0.000001,431,628944,0.00
2017-03-18,0.000001,0.000001,0.000001,0.000001,729,611506,0.00
2017-03-19,0.000001,0.000001,0.000001,0.000001,693,596850,0.00
2017-03-20,0.000001,0.000001,0.000001,0.000001,149,576814,0.00
2017-03-21,0.000001,0.000001,0.000001,0.000001,220,594399,0.00
2017-03-22,0.000001,0.000001,0.000001,0.000001,678,610415,0.00
2017-03-23,0.000001,0.000001,0.000001,0.000001,33,607854,0.00
2017-03-24,0.000001,0.000001,0.000001,0.000001,113,578862,0.00
2017-03-25,0.000001,0.000001,0.000001,0.000001,32,606963,0.00
2017-03-26,0.000001,0.000001,0.000001,0.000001,150,583285,0.00
2017-03-27,0.000001,0.000001,0.000001,0.000001,147,586555,0.00
2017-03-28,0.000001,0.000001,0.000001,0.000001,404,572941,0.00
2017-03-29,0.000001,0.000001,0.000001,0.000001,198,604823,0.00
2017-03-30,0.000001,0.000001,0.000001,0.000001,972,603272,0.00
2017-03-31,0.000001,0.000001,0.000001,0.000001,199,602594,0.00
2017-04-01,0.000001,0.000002,0.000001,0.000002,317,624942,0.00
2017-04-02,0.000002,0.000002,0.000002,0.000002,432,669999,0.00
2017-04-03,0.000002,0.000002,0.000002,0.000002,1379,691249,0.00
2017-04-04,0.000002,0.000002,0.000002,0.000002,1282,962286,0.00
2017-04-05,0.000002,0.000002,0.000002,0.000002,292,823779,0.00
2017-04-06,0.000002,0.000002,0.000002,0.000002,1498,893808,0.00
2017-04-07,0.000002,0.000002,0.000002,0.000002,1158,959291,0.00
2017-04-08,0.000002,0.000002,0.000002,0.000002,653,839990,0.00
2017-04-09,0.000002,0.000002,0.000002,0.000002,368,787572,0.00
2017-04-10,0.000002,0.000002,0.000002,0.000002,700,772806,0.00
2017-04-11,0.000002,0.000002,0.000002,0.000002,283,706725,0.00
2017-04-12,0.000002,0.000002,0.000002,0.000002,299,792699,0.00
2017-04-13,0.000002,0.000002,0.000002,0.000002,1280,799874,0.00
2017-04-14,0.000002,0.000002,0.000002,0.000002,191,835146,0.00
2017-04-15,0.000002,0.000002,0.000002,0.000002,289,794330,0.00
2017-04-16,0.000002,0.000002,0.000002,0.000002,868,834973,0.00
2017-04-17,0.000002,0.000002,0.000002,0.000002,192,826287,0.00
2017-04-18,0.000002,0.000002,0.000002,0.000002,270,801913,0.00
2017-04-19,0.000002,0.000002,0.000002,0.000002,1900,886164,0.00
2017-04-20,0.000002,0.000002,0.000002,0.000002,668,865760,0.00
2017-04-21,0.000002,0.000002,0.000002,0.000002,326,833759,0.00
2017-04-22,0.000002,0.000002,0.000002,0.000002,281,900580,0.00
2017-04-23,0.000002,0.000002,0.000002,0.000002,218,894655,0.00
2017-04-24,0.000002,0.000002,0.000002,0.000002,471,895058,0.00
2017-04-25,0.000002,0.000002,0.000002,0.000002,713,870462,0.00
2017-04-26,0.000002,0.000002,0.000002,0.000002,1272,819223,0.00
2017-04-27,0.000002,0.000002,0.000002,0.000002,861,885162,0.00
2017-04-28,0.000002,0.000005,0.000002,0.000004,16088,879698,0.00
2017-04-29,0.000005,0.000005,0.000004,0.000004,9503,2047390,0.00
2017-04-30,0.000004,0.000004,0.000004,0.000004,4398,1739590,0.00
2017-05-01,0.000004,0.000004,0.000004,0.000004,9413,1749190,0.00
2017-05-02,0.000004,0.000004,0.000003,0.000003,2789,1637920,0.00
2017-05-03,0.000003,0.000004,0.000003,0.000003,1705,1467800,0.00
2017-05-04,0.000003,0.000004,0.000003,0.000004,4111,1477520,0.00
2017-05-05,0.000004,0.000004,0.000003,0.000004,16021,1636560,0.00
2017-05-06,0.000004,0.000004,0.000003,0.000004,2114,1721100,0.00
2017-05-07,0.000004,0.000006,0.000004,0.000005,13855,1603760,0.00
2017-05-08,0.000006,0.000013,0.000006,0.000013,78055,2578840,0.00
2017-05-09,0.000013,0.000024,0.000010,0.000016,199334,5697460,0.00
2017-05-10,0.000016,0.000019,0.000014,0.000015,61315,7204140,0.00
2017-05-11,0.000015,0.000015,0.000010,0.000012,37934,6754770,0.00
2017-05-12,0.000012,0.000014,0.000012,0.000013,21727,5132730,0.00
2017-05-13,0.000013,0.000013,0.000010,0.000011,27936,5626110,0.00
2017-05-14,0.000011,0.000012,0.000010,0.000011,28009,4824860,0.00
2017-05-15,0.000011,0.000011,0.000007,0.000009,29120,4791840,0.00
2017-05-16,0.000009,0.000009,0.000006,0.000009,20601,3823970,0.00
2017-05-17,0.000009,0.000011,0.000007,0.000011,28933,3843460,0.00
2017-05-18,0.000011,0.000012,0.000010,0.000011,41462,4764900,0.00
2017-05-19,0.000011,0.000013,0.000011,0.000012,64726,4901570,0.00
2017-05-20,0.000012,0.000013,0.000011,0.000013,42005,5244980,0.00
2017-05-21,0.000013,0.000019,0.000012,0.000018,219000,5611750,0.00
2017-05-22,0.000018,0.000051,0.000018,0.000041,860396,8187930,0.00
2017-05-23,0.000042,0.000052,0.000023,0.000027,751126,18619300,0.00
2017-05-24,0.000027,0.000042,0.000027,0.000035,347726,12039200,0.00
2017-05-25,0.000035,0.000036,0.000023,0.000023,43186,15648400,0.00
2017-05-26,0.000023,0.000033,0.000016,0.000022,160784,10238500,0.00
2017-05-27,0.000021,0.000029,0.000011,0.000028,178273,9509100,0.00
2017-05-28,0.000026,0.000029,0.000020,0.000023,113534,11700600,0.00
2017-05-29,0.000023,0.000025,0.000021,0.000023,57721,10395600,0.00
2017-05-30,0.000023,0.000025,0.000022,0.000023,75572,10181300,0.00
2017-05-31,0.000023,0.000023,0.000019,0.000022,106745,10206600,0.00
2017-06-01,0.000020,0.000022,0.000019,0.000021,79852,9001760,0.00
2017-06-02,0.000021,0.000021,0.000019,0.000019,55439,9299530,0.00
2017-06-03,0.000019,0.000019,0.000017,0.000017,48685,8327310,0.00
2017-06-04,0.000017,0.000020,0.000017,0.000019,53100,7692960,0.00
2017-06-05,0.000019,0.000020,0.000019,0.000020,68592,8597600,0.00
2017-06-06,0.000019,0.000022,0.000019,0.000022,86749,8636550,0.00
2017-06-07,0.000022,0.000022,0.000020,0.000021,79082,9579390,0.00
2017-06-08,0.000021,0.000023,0.000018,0.000023,119775,9226670,0.00
2017-06-09,0.000023,0.000039,0.000023,0.000026,185863,10241800,0.00
2017-06-10,0.000026,0.000036,0.000025,0.000031,496411,11719800,0.00
2017-06-11,0.000029,0.000032,0.000027,0.000028,115901,12924500,0.00
2017-06-12,0.000028,0.000031,0.000027,0.000027,78049,12548200,0.00
2017-06-13,0.000027,0.000034,0.000027,0.000030,217511,12095300,0.00
2017-06-14,0.000030,0.000031,0.000027,0.000028,170633,13407200,0.00
2017-06-15,0.000028,0.000028,0.000023,0.000028,90582,12535000,0.00
2017-06-16,0.000028,0.000029,0.000026,0.000027,88079,12247600,0.00
2017-06-17,0.000027,0.000029,0.000025,0.000026,72388,12047200,0.00
2017-06-18,0.000026,0.000027,0.000025,0.000026,35014,11536300,0.00
2017-06-19,0.000026,0.000041,0.000025,0.000032,344545,11474400,0.00
2017-06-20,0.000032,0.000032,0.000007,0.000011,163640,14149000,0.00
2017-06-21,0.000011,0.000013,0.000007,0.000008,92230,5014890,0.00
2017-06-22,0.000008,0.000010,0.000007,0.000009,50293,3661850,0.00
2017-06-23,0.000009,0.000016,0.000008,0.000014,128610,3908160,0.00
2017-06-24,0.000014,0.000018,0.000010,0.000011,60643,6255050,0.00
2017-06-25,0.000011,0.000014,0.000010,0.000011,56799,4958460,0.00
2017-06-26,0.000011,0.000012,0.000007,0.000007,86728,4743840,0.00
2017-06-27,0.000007,0.000009,0.000006,0.000007,434024,3230250,0.00
2017-06-28,0.000007,0.000009,0.000006,0.000007,117408,3117600,0.00
2017-06-29,0.000007,0.000008,0.000007,0.000007,74421,3166600,0.00
2017-06-30,0.000007,0.000008,0.000005,0.000005,47157,3103940,0.00
2017-07-01,0.000005,0.000007,0.000005,0.000006,79620,2294110,0.00
2017-07-02,0.000006,0.000006,0.000004,0.000006,55154,2575400,0.00
2017-07-03,0.000005,0.000010,0.000005,0.000006,41584,2227260,0.00
2017-07-04,0.000006,0.000008,0.000004,0.000006,19939,2853070,0.00
2017-07-05,0.000006,0.000008,0.000004,0.000005,26405,2625870,0.00
2017-07-06,0.000005,0.000005,0.000004,0.000005,15179,2145020,0.00
2017-07-07,0.000004,0.000006,0.000003,0.000004,20062,1805270,0.00
2017-07-08,0.000004,0.000006,0.000003,0.000004,22216,1931940,0.00
2017-07-09,0.000004,0.000004,0.000003,0.000004,10378,1665440,0.00
2017-07-10,0.000004,0.000015,0.000004,0.000007,29852,1604990,0.00
2017-07-11,0.000007,0.000008,0.000003,0.000004,26112,3242210,0.00
2017-07-12,0.000004,0.000007,0.000003,0.000005,15497,1724190,0.00
2017-07-13,0.000005,0.000006,0.000003,0.000004,9037,2256420,0.00
2017-07-14,0.000004,0.000006,0.000003,0.000003,8608,1697360,0.00
2017-07-15,0.000003,0.000005,0.000003,0.000004,7857,1392100,0.00
2017-07-16,0.000004,0.000006,0.000003,0.000004,14834,1893510,0.00
2017-07-17,0.000004,0.000005,0.000003,0.000005,10939,1626480,0.00
2017-07-18,0.000005,0.000007,0.000003,0.000003,20141,2284150,0.00
2017-07-19,0.000003,0.000005,0.000003,0.000005,21341,1516700,0.00
2017-07-20,0.000005,0.000016,0.000005,0.000012,24149,2139520,0.00
2017-07-21,0.000012,0.000012,0.000003,0.000004,50227,5420200,0.00
2017-07-22,0.000004,0.000006,0.000003,0.000006,29584,1871520,0.00
2017-07-23,0.000006,0.000006,0.000003,0.000003,54225,2492360,0.00
2017-07-24,0.000003,0.000003,0.000002,0.000003,13258,1324610,0.00
2017-07-25,0.000003,0.000009,0.000002,0.000006,15069,1176990,0.00
2017-07-26,0.000006,0.000006,0.000003,0.000006,11611,2460060,0.00
2017-07-27,0.000006,0.000007,0.000002,0.000003,5936,2656360,0.00
2017-07-28,0.000003,0.000004,0.000002,0.000003,7853,1423700,0.00
2017-07-29,0.000003,0.000003,0.000002,0.000003,5730,1276700,0.00
2017-07-30,0.000003,0.000003,0.000002,0.000003,3959,1197300,0.00
2017-07-31,0.000003,0.000004,0.000002,0.000003,5572,1426060,0.00
2017-08-01,0.000003,0.000006,0.000002,0.000005,9173,1302610,0.00
2017-08-02,0.000005,0.000005,0.000002,0.000002,22625,2277130,0.00
2017-08-03,0.000002,0.000003,0.000002,0.000002,22487,1070030,0.00
2017-08-04,0.000002,0.000004,0.000002,0.000004,23248,908034,0.00
2017-08-05,0.000004,0.000004,0.000002,0.000002,31372,1915430,0.00
2017-08-06,0.000002,0.000003,0.000002,0.000002,34610,1020540,0.00
2017-08-07,0.000002,0.000004,0.000002,0.000003,22412,1002270,0.00
2017-08-08,0.000003,0.000020,0.000002,0.000012,18752,1355370,0.00
2017-08-09,0.000012,0.000012,0.000005,0.000005,16088,5277000,0.00
2017-08-10,0.000005,0.000005,0.000003,0.000004,19115,2286620,0.00
2017-08-11,0.000004,0.000004,0.000003,0.000003,24089,1595010,0.00
2017-08-12,0.000003,0.000004,0.000002,0.000004,26844,1310400,0.00
2017-08-13,0.000004,0.000026,0.000004,0.000018,26811,1953730,0.00
2017-08-14,0.000018,0.000018,0.000004,0.000006,22349,7786270,0.00
2017-08-15,0.000006,0.000010,0.000005,0.000005,10358,2639550,0.00
2017-08-16,0.000005,0.000021,0.000004,0.000020,8328,2398240,0.00
2017-08-17,0.000020,0.000026,0.000008,0.000009,10038,8770070,0.00
2017-08-18,0.000009,0.000009,0.000003,0.000006,16455,4025130,0.00
2017-08-19,0.000006,0.000011,0.000003,0.000011,13141,2677570,0.00
2017-08-20,0.000011,0.000015,0.000007,0.000007,11617,4761530,0.00
2017-08-21,0.000007,0.000014,0.000004,0.000014,43796,3285510,0.00
2017-08-22,0.000014,0.000018,0.000007,0.000008,9895,6343610,0.00
2017-08-23,0.000007,0.000013,0.000006,0.000009,11312,3316220,0.00
2017-08-24,0.000009,0.000027,0.000009,0.000027,12025,4116270,0.00
2017-08-25,0.000026,0.000029,0.000010,0.000010,8847,11636000,0.00
2017-08-26,0.000010,0.000010,0.000004,0.000005,5914,4437050,0.00
2017-08-27,0.000005,0.000008,0.000003,0.000003,13121,2285530,0.00
2017-08-28,0.000003,0.000020,0.000003,0.000019,13036,1187390,0.00
2017-08-29,0.000019,0.000020,0.000007,0.000014,11937,8266920,0.00
2017-08-30,0.000014,0.000019,0.000005,0.000005,6316,6105660,0.00
2017-08-31,0.000005,0.000005,0.000004,0.000005,10287,2061050,0.00
2017-09-01,0.000005,0.000010,0.000005,0.000007,11384,2252110,0.00
2017-09-02,0.000007,0.000019,0.000004,0.000016,20875,3293840,0.00
2017-09-03,0.000016,0.000016,0.000006,0.000009,10774,7165950,0.00
2017-09-04,0.000009,0.000011,0.000005,0.000005,16441,3915560,0.00
2017-09-05,0.000005,0.000006,0.000003,0.000004,14573,2290990,0.00
2017-09-06,0.000004,0.000017,0.000004,0.000016,5887,1721740,0.00
2017-09-07,0.000016,0.000017,0.000008,0.000013,26639,7055550,0.00
2017-09-08,0.000013,0.000024,0.000011,0.000022,24843,5956540,0.00
2017-09-09,0.000022,0.000026,0.000013,0.000013,10372,9751300,0.00
2017-09-10,0.000013,0.000017,0.000006,0.000015,8756,5753620,0.00
2017-09-11,0.000015,0.000037,0.000015,0.000037,18212,6845900,0.00
2017-09-12,0.000037,0.000037,0.000018,0.000018,17710,16284200,0.00
2017-09-13,0.000018,0.000025,0.000012,0.000015,15110,7823860,0.00
2017-09-14,0.000015,0.000023,0.000015,0.000015,22229,6796770,0.00
2017-09-15,0.000015,0.000018,0.000007,0.000018,14627,6681010,0.00
2017-09-16,0.000018,0.000019,0.000004,0.000004,8979,7863920,0.00
2017-09-17,0.000004,0.000007,0.000003,0.000004,6078,1829710,0.00
2017-09-18,0.000004,0.000015,0.000003,0.000004,6562,1892120,0.00
2017-09-19,0.000004,0.000005,0.000003,0.000003,3800,1705470,0.00
2017-09-20,0.000003,0.000021,0.000003,0.000020,1761,1477140,0.00
2017-09-21,0.000020,0.000026,0.000008,0.000008,2832,8978200,0.00
2017-09-22,0.000008,0.000008,0.000003,0.000004,3002,3555940,0.00
2017-09-23,0.000004,0.000010,0.000004,0.000010,1325,1939730,0.00
2017-09-24,0.000010,0.000010,0.000002,0.000002,2370,4500740,0.00
2017-09-25,0.000002,0.000004,0.000002,0.000003,1846,938126,0.00
2017-09-26,0.000003,0.000005,0.000003,0.000005,1219,1425040,0.00
2017-09-27,0.000005,0.000007,0.000002,0.000002,1201,2215630,0.00
2017-09-28,0.000002,0.000003,0.000002,0.000002,2334,1089810,0.00
2017-09-29,0.000002,0.000007,0.000002,0.000007,1084,1056740,0.00
2017-09-30,0.000007,0.000010,0.000007,0.000007,1154,3028660,0.00
2017-10-01,0.000007,0.000018,0.000002,0.000015,1127,3162030,0.00
2017-10-02,0.000015,0.000015,0.000002,0.000002,2048,6465100,0.00
2017-10-03,0.000002,0.000003,0.000002,0.000003,2156,1029680,0.00
2017-10-04,0.000003,0.000005,0.000002,0.000002,1367,1412850,0.00
2017-10-05,0.000002,0.000002,0.000002,0.000002,2440,840395,0.00
2017-10-06,0.000002,0.000002,0.000002,0.000002,757,857653,0.00
2017-10-07,0.000002,0.000002,0.000002,0.000002,1321,894269,0.00
2017-10-08,0.000002,0.000004,0.000002,0.000004,901,896083,0.00
2017-10-09,0.000004,0.000006,0.000002,0.000003,412,1657530,0.00
2017-10-10,0.000003,0.000003,0.000002,0.000002,1188,1481570,0.00
2017-10-11,0.000002,0.000003,0.000002,0.000003,507,866782,0.00
2017-10-12,0.000003,0.000003,0.000002,0.000002,1328,1242290,0.00
2017-10-13,0.000002,0.000002,0.000001,0.000002,2840,829920,0.00
2017-10-14,0.000002,0.000002,0.000001,0.000002,2358,685653,0.00
2017-10-15,0.000002,0.000018,0.000002,0.000018,1202,886022,0.00
2017-10-16,0.000018,0.000022,0.000005,0.000005,1194,7881250,0.00
2017-10-17,0.000005,0.000005,0.000002,0.000004,674,2304620,0.00
2017-10-18,0.000004,0.000011,0.000001,0.000011,1890,1762600,0.00
2017-10-19,0.000011,0.000035,0.000005,0.000006,3301,5037090,0.00
2017-10-20,0.000006,0.000006,0.000002,0.000002,946,2502860,0.00
2017-10-21,0.000002,0.000003,0.000002,0.000002,281,770199,0.00
2017-10-22,0.000002,0.000003,0.000002,0.000002,268,974854,0.00
2017-10-23,0.000002,0.000007,0.000002,0.000007,373,1099160,0.00
2017-10-24,0.000007,0.000008,0.000003,0.000003,389,2896900,0.00
2017-10-25,0.000003,0.000003,0.000002,0.000002,320,1532960,0.00
2017-10-26,0.000002,0.000002,0.000002,0.000002,149,873152,0.00
2017-10-27,0.000002,0.000002,0.000002,0.000002,313,956260,0.00
2017-10-28,0.000002,0.000002,0.000002,0.000002,183,844854,0.00
2017-10-29,0.000002,0.000011,0.000002,0.000009,621,844409,0.00
2017-10-30,0.000009,0.000011,0.000003,0.000006,1060,4054430,0.00
2017-10-31,0.000005,0.000006,0.000001,0.000002,989,2436480,0.00
2017-11-01,0.000002,0.000002,0.000001,0.000002,616,834893,0.00
2017-11-02,0.000002,0.000002,0.000001,0.000002,839,675331,0.00
2017-11-03,0.000002,0.000003,0.000001,0.000002,479,677056,0.00
2017-11-04,0.000002,0.000019,0.000001,0.000019,132,938862,0.00
2017-11-05,0.000018,0.000023,0.000007,0.000016,93,8066360,0.00
2017-11-06,0.000016,0.000018,0.000003,0.000003,345,7144130,0.00
2017-11-07,0.000003,0.000021,0.000003,0.000021,262,1435040,0.00
2017-11-08,0.000021,0.000030,0.000001,0.000001,281,9434700,0.00
2017-11-09,0.000001,0.000032,0.000001,0.000005,728,614680,0.00
2017-11-10,0.000005,0.000054,0.000005,0.000053,816,2005630,0.00
2017-11-11,0.000053,0.000064,0.000023,0.000023,1637,23490200,0.00
2017-11-12,0.000023,0.000054,0.000012,0.000019,649,10322600,0.00
2017-11-13,0.000020,0.000034,0.000009,0.000009,120,8661270,0.00
2017-11-14,0.000009,0.000009,0.000001,0.000006,780,3796840,0.00
2017-11-15,0.000006,0.000008,0.000002,0.000005,518,2582140,0.00
2017-11-16,0.000005,0.000036,0.000005,0.000033,534,2291890,0.00
2017-11-17,0.000033,0.000034,0.000007,0.000010,659,14723300,0.00
2017-11-18,0.000010,0.000071,0.000010,0.000070,576,4464680,0.00
2017-11-19,0.000070,0.000071,0.000035,0.000037,511,30841500,0.00
2017-11-20,0.000037,0.000037,0.000001,0.000029,240,16344700,0.00
2017-11-21,0.000029,0.000056,0.000024,0.000056,495,12996900,0.00
2017-11-22,0.000056,0.000061,0.000012,0.000013,240,24683000,0.00
2017-11-23,0.000013,0.000027,0.000012,0.000017,392,5882800,0.00
2017-11-24,0.000017,0.000032,0.000006,0.000016,767,7657900,0.00
2017-11-25,0.000016,0.000020,0.000004,0.000014,846,7058030,0.00
2017-11-26,0.000015,0.000063,0.000010,0.000061,1277,6435100,0.00
2017-11-27,0.000061,0.000092,0.000061,0.000091,902,27135200,0.00
2017-11-28,0.000092,0.000097,0.000090,0.000093,365,40640500,0.00
2017-11-29,0.000093,0.000114,0.000024,0.000085,2608,41054900,0.00
2017-11-30,0.000086,0.000105,0.000071,0.000098,6844,38309200,0.00
2017-12-01,0.000098,0.000103,0.000037,0.000037,1006,43335300,0.00
2017-12-02,0.000037,0.000046,0.000026,0.000044,466,16511400,0.00
2017-12-03,0.000044,0.000077,0.000034,0.000036,431,19646400,0.00
2017-12-04,0.000036,0.000037,0.000011,0.000016,787,16062000,0.00
2017-12-05,0.000016,0.000036,0.000006,0.000035,867,7223700,0.00
2017-12-06,0.000035,0.000136,0.000035,0.000136,21770,15613800,0.00
2017-12-07,0.000135,0.000173,0.000134,0.000173,3021,59978200,0.00
2017-12-08,0.000174,0.000176,0.000126,0.000148,1778,76899600,0.00
2017-12-09,0.000147,0.000149,0.000044,0.000054,2476,65284200,0.00
2017-12-10,0.000054,0.000109,0.000050,0.000105,1475,23877500,0.00
2017-12-11,0.000105,0.000169,0.000104,0.000154,3557,46419200,0.00
2017-12-12,0.000154,0.000156,0.000033,0.000048,7589,68372200,0.00
2017-12-13,0.000048,0.000090,0.000041,0.000068,7671,21209500,0.00
2017-12-14,0.000067,0.000072,0.000043,0.000050,5158,29756700,0.00
2017-12-15,0.000049,0.000113,0.000048,0.000110,6748,21906800,0.00
2017-12-16,0.000112,0.000115,0.000056,0.000063,8893,49444100,0.00
2017-12-17,0.000062,0.000063,0.000028,0.000028,10456,27403700,0.00
2017-12-18,0.000028,0.000107,0.000028,0.000107,6958,12580600,0.00
2017-12-19,0.000110,0.000125,0.000087,0.000087,11883,48881000,0.00
2017-12-20,0.000086,0.000093,0.000054,0.000063,7993,38151200,0.00
2017-12-21,0.000063,0.000080,0.000045,0.000063,10965,27926900,0.00
2017-12-22,0.000063,0.000080,0.000054,0.000076,6675,27883800,0.00
2017-12-23,0.000077,0.000082,0.000029,0.000031,11095,33987400,0.00
2017-12-24,0.000028,0.000045,0.000026,0.000035,11484,12630000,0.00
2017-12-25,0.000036,0.000039,0.000028,0.000039,6924,15741500,0.00
2017-12-26,0.000038,0.000108,0.000038,0.000082,20385,16731000,0.00
2017-12-27,0.000082,0.000091,0.000054,0.000063,19838,36528200,0.00
2017-12-28,0.000063,0.000070,0.000045,0.000056,19259,27761800,0.00
2017-12-29,0.000057,0.000070,0.000049,0.000054,14329,25039800,0.00
2017-12-30,0.000054,0.000054,0.000028,0.000031,15855,23874700,0.00
2017-12-31,0.000033,0.000047,0.000030,0.000043,20552,14690200,0.00
2018-01-01,0.000045,0.000051,0.000040,0.000050,22378,19954800,0.00
2018-01-02,0.000049,0.000065,0.000047,0.000064,27210,21724900,0.00
2018-01-03,0.000064,0.000089,0.000055,0.000075,60030,28479700,0.00
2018-01-04,0.000075,0.000111,0.000070,0.000111,76358,33241400,0.00
2018-01-05,0.000111,0.000116,0.000084,0.000092,56659,49008800,0.00
2018-01-06,0.000095,0.000110,0.000079,0.000105,148531,41994600,0.00
2018-01-07,0.000105,0.000112,0.000089,0.000107,111755,46528900,0.00
2018-01-08,0.000107,0.000143,0.000091,0.000114,82563,47442000,0.00
2018-01-09,0.000114,0.000119,0.000101,0.000103,95307,50431100,0.00
2018-01-10,0.000103,0.000104,0.000091,0.000095,74583,45699200,0.00
2018-01-11,0.000096,0.000098,0.000075,0.000082,50104,42497400,0.00
2018-01-12,0.000082,0.000247,0.000076,0.000094,72563,36377100,0.00
2018-01-13,0.000095,0.000136,0.000095,0.000130,151010,41883600,0.00
2018-01-14,0.000130,0.000131,0.000086,0.000097,65916,57627300,0.00
2018-01-15,0.000096,0.000098,0.000069,0.000076,40907,42763200,0.00
2018-01-16,0.000076,0.000079,0.000043,0.000046,49614,33567500,0.00
2018-01-17,0.000046,0.000058,0.000037,0.000058,24435,20232100,0.00
2018-01-18,0.000058,0.000065,0.000048,0.000049,73754,25745100,0.00
2018-01-19,0.000050,0.000056,0.000043,0.000050,63723,21993300,0.00
2018-01-20,0.000051,0.000055,0.000051,0.000055,69185,22395800,0.00
